Order Date,Order ID,Product ID,Product Name,Customer ID,Order Value,Quantity,Shipping Method,Order Status
10/01/2023,ORD11363,P1001,Smartphone,CUST1871,1593.87,5,Expedited,Shipped
2024-02-11,ORD90859,P1006,Gaming Console,CUST1825,1655.88,3,Standard,Delivered
01/06/2021,ORD79402,P1006,Gaming Console,CUST7862,1846.76,5,Standard,Pending
06-09-2020,ORD88323,P1005,Wireless Earbuds,CUST3239,1003.28,1,Standard,Shipped
10/13/2024,ORD48179,P1003,Tablet,CUST1759,145.05,4,Standard,Cancelled
2023-02-22,ORD59031,P1008,Bluetooth Speaker,CUST3780,1801.99,1,Expedited,Shipped
05-21-2022,ORD80185,P1005,Wireless Earbuds,CUST7168,435.9,5,Expedited,Pending
2024-08-03,ORD58553,P1008,Bluetooth Speaker,CUST4731,1335.57,1,Overnight,Pending
2025-06-28,ORD45950,P1007,4K TV,CUST7023,703.88,5,Overnight,Shipped
2022-05-23,ORD27378,P1006,Gaming Console,CUST8412,1845.87,5,Overnight,Shipped
08/01/2020,ORD90677,P1006,Gaming Console,CUST3693,241.32,5,Expedited,Cancelled
2025-12-18,ORD66721,P1002,Laptop,CUST2667,601.29,1,Expedited,Delivered
2025-12-21,ORD86974,P1002,Laptop,CUST8738,267.1,4,Standard,Delivered
2022-11-25,ORD30293,P1008,Bluetooth Speaker,CUST3428,454.19,4,Standard,Cancelled
05/26/2024,ORD78352,P1005,Wireless Earbuds,CUST9752,1486.57,2,Standard,Cancelled
2022-03-23,ORD58931,P1005,Wireless Earbuds,CUST9593,1301.57,1,Overnight,Cancelled
06-22-2021,ORD29350,P1008,Bluetooth Speaker,CUST4630,249.81,3,Standard,Pending
2023-02-02,ORD97346,P1006,Gaming Console,CUST6282,1044.43,4,Expedited,Pending
2022-04-06,ORD39887,P1010,Mechanical Keyboard,CUST5098,445.33,2,Standard,Delivered
03/22/2022,ORD88865,P1006,Gaming Console,CUST8876,42.49,2,Expedited,Cancelled
2021-09-30,ORD17115,P1007,4K TV,CUST1050,1987.99,5,Overnight,Delivered
12/03/2022,ORD51297,P1008,Bluetooth Speaker,CUST8233,1211.71,5,Standard,Delivered
2020-07-20,ORD87386,P1003,Tablet,CUST9417,1637.03,2,Expedited,Cancelled
10-01-2021,ORD53163,P1009,External Hard Drive,CUST8749,877.13,3,Expedited,Shipped
03/02/2023,ORD62821,P1004,Smartwatch,CUST7497,1271.41,3,Standard,Cancelled
2021-11-07,ORD31732,P1008,Bluetooth Speaker,CUST7207,1859.26,1,Overnight,Shipped
2020-09-05,ORD39778,P1002,Laptop,CUST7442,474.84,5,Expedited,Cancelled
2024-04-03,ORD88384,P1009,External Hard Drive,CUST4057,705.93,3,Overnight,Shipped
06/14/2025,ORD54627,P1004,Smartwatch,CUST8418,1174.6,2,Standard,Delivered
2023-01-14,ORD56517,P1003,Tablet,CUST5076,1882.52,1,Expedited,Cancelled
04/23/2025,ORD55389,P1008,Bluetooth Speaker,CUST1564,262.72,3,Expedited,Pending
2022-09-08,ORD71359,P1007,4K TV,CUST5098,1571.42,1,Overnight,Pending
06-12-2023,ORD92497,P1010,Mechanical Keyboard,CUST6613,1534.73,4,Expedited,Shipped
07/06/2021,ORD15771,P1003,Tablet,CUST3754,1082.64,5,Standard,Cancelled
2022-10-30,ORD83226,P1002,Laptop,CUST4068,77.3,2,Overnight,Pending
2021-01-04,ORD89115,P1004,Smartwatch,CUST6038,1725.84,5,Expedited,Shipped
2020-01-15,ORD23020,P1010,Mechanical Keyboard,CUST3293,36.95,3,Expedited,Delivered
04-09-2023,ORD74232,P1002,Laptop,CUST6621,1141.47,5,Expedited,Shipped
11/30/2021,ORD73517,P1004,Smartwatch,CUST3648,854.11,3,Expedited,Delivered
05-17-2024,ORD36372,P1004,Smartwatch,CUST1447,915.46,2,Expedited,Shipped
06-16-2022,ORD97927,P1010,Mechanical Keyboard,CUST6629,1035.03,3,Standard,Shipped
2025-08-22,ORD47882,P1008,Bluetooth Speaker,CUST5657,1854.4,4,Overnight,Cancelled
2025-09-26,ORD18238,P1009,External Hard Drive,CUST2486,1543.17,4,Overnight,Pending
04/20/2024,ORD13004,P1001,Smartphone,CUST7128,768.09,1,Overnight,Cancelled
11/16/2023,ORD63556,P1003,Tablet,CUST6207,610.22,3,Expedited,Shipped
2022-11-22,ORD59915,P1009,External Hard Drive,CUST2998,1538.13,1,Expedited,Cancelled
2025-07-10,ORD85989,P1009,External Hard Drive,CUST8571,349.99,5,Expedited,Cancelled
03/02/2021,ORD75289,P1005,Wireless Earbuds,CUST1264,1298.22,3,Overnight,Pending
02-01-2023,ORD25287,P1002,Laptop,CUST8217,865.0,3,Standard,Shipped
03-09-2020,ORD62613,P1003,Tablet,CUST9301,1906.8,2,Expedited,Shipped
2023-12-19,ORD87042,P1003,Tablet,CUST4244,1933.86,5,Expedited,Shipped
05-08-2021,ORD13410,P1006,Gaming Console,CUST9797,434.74,2,Expedited,Delivered
10/17/2022,ORD44413,P1004,Smartwatch,CUST9668,1124.12,4,Standard,Delivered
11-09-2021,ORD98014,P1008,Bluetooth Speaker,CUST3952,1446.64,3,Expedited,Cancelled
2022-08-31,ORD75104,P1002,Laptop,CUST4313,333.31,4,Expedited,Cancelled
2022-01-16,ORD20303,P1008,Bluetooth Speaker,CUST1745,907.12,5,Expedited,Cancelled
02-06-2021,ORD16322,P1009,External Hard Drive,CUST8894,518.32,1,Standard,Delivered
2021-06-23,ORD53992,P1008,Bluetooth Speaker,CUST1519,158.14,3,Expedited,Cancelled
11/26/2020,ORD70991,P1008,Bluetooth Speaker,CUST1377,936.83,3,Expedited,Pending
11/25/2023,ORD65377,P1006,Gaming Console,CUST4470,1756.0,2,Standard,Pending
12/25/2020,ORD50279,P1002,Laptop,CUST7136,289.47,1,Standard,Pending
01/25/2024,ORD23600,P1006,Gaming Console,CUST3780,1371.51,3,Overnight,Cancelled
2021-08-21,ORD58237,P1009,External Hard Drive,CUST2757,254.19,2,Standard,Cancelled
03/23/2024,ORD26480,P1008,Bluetooth Speaker,CUST4636,145.09,1,Expedited,Pending
01/28/2020,ORD95212,P1001,Smartphone,CUST5930,692.38,1,Standard,Shipped
2021-10-24,ORD33750,P1008,Bluetooth Speaker,CUST5017,1944.4,4,Expedited,Cancelled
06/04/2023,ORD94150,P1009,External Hard Drive,CUST6347,363.75,1,Standard,Pending
01/10/2021,ORD46068,P1006,Gaming Console,CUST3780,479.11,3,Standard,Shipped
2020-09-08,ORD96588,P1010,Mechanical Keyboard,CUST7816,124.45,3,Standard,Cancelled
11-24-2022,ORD50733,P1006,Gaming Console,CUST7632,1537.69,2,Standard,Cancelled
04/03/2025,ORD74261,P1007,4K TV,CUST5398,130.19,3,Standard,Shipped
09-11-2025,ORD37966,P1003,Tablet,CUST2231,374.62,2,Overnight,Pending
11-18-2021,ORD13458,P1010,Mechanical Keyboard,CUST8123,930.21,2,Expedited,Pending
01/16/2021,ORD51446,P1009,External Hard Drive,CUST7838,887.67,5,Overnight,Cancelled
09-01-2025,ORD70305,P1007,4K TV,CUST1264,1979.61,1,Overnight,Shipped
05/07/2025,ORD71555,P1004,Smartwatch,CUST6117,794.52,2,Standard,Pending
2020-11-11,ORD14631,P1009,External Hard Drive,CUST8413,736.69,1,Standard,Shipped
07-28-2024,ORD26260,P1002,Laptop,CUST9185,355.34,1,Expedited,Shipped
2020-03-02,ORD23694,P1010,Mechanical Keyboard,CUST7128,1952.72,3,Expedited,Cancelled
04-02-2024,ORD25375,P1001,Smartphone,CUST9917,1901.19,3,Expedited,Delivered
2022-09-20,ORD83547,P1008,Bluetooth Speaker,CUST6150,370.79,4,Overnight,Pending
2024-01-08,ORD40523,P1002,Laptop,CUST9799,1697.05,4,Expedited,Shipped
10-26-2020,ORD37730,P1004,Smartwatch,CUST8960,1044.73,5,Overnight,Pending
06/25/2024,ORD83007,P1009,External Hard Drive,CUST4977,1127.51,1,Expedited,Shipped
2020-01-27,ORD12971,P1002,Laptop,CUST7472,1753.99,2,Expedited,Pending
2025-02-01,ORD15694,P1002,Laptop,CUST9717,577.91,4,Overnight,Pending
2020-06-19,ORD11465,P1008,Bluetooth Speaker,CUST2861,139.05,3,Overnight,Cancelled
2021-03-21,ORD86730,P1002,Laptop,CUST5512,101.61,3,Overnight,Cancelled
09-19-2020,ORD72432,P1008,Bluetooth Speaker,CUST3526,310.31,1,Overnight,Delivered
2022-08-02,ORD60553,P1005,Wireless Earbuds,CUST2008,1648.47,1,Expedited,Cancelled
10/05/2022,ORD26920,P1003,Tablet,CUST6150,31.65,2,Standard,Pending
01/31/2025,ORD20368,P1007,4K TV,CUST7351,1238.3,3,Standard,Delivered
01-06-2025,ORD91006,P1006,Gaming Console,CUST4068,1608.23,3,Expedited,Cancelled
2023-11-02,ORD52313,P1004,Smartwatch,CUST5331,917.11,3,Overnight,Delivered
01-22-2021,ORD47781,P1010,Mechanical Keyboard,CUST4118,157.59,4,Overnight,Pending
05/31/2022,ORD49166,P1007,4K TV,CUST8245,1048.88,3,Expedited,Pending
2021-03-21,ORD43357,P1004,Smartwatch,CUST9579,1403.47,3,Expedited,Cancelled
2021-06-12,ORD69110,P1008,Bluetooth Speaker,CUST9198,563.91,5,Overnight,Shipped
2021-11-18,ORD84138,P1006,Gaming Console,CUST7714,1282.59,3,Standard,Delivered
2025-02-18,ORD81183,P1008,Bluetooth Speaker,CUST3374,1544.25,5,Expedited,Delivered
2025-09-17,ORD11261,P1004,Smartwatch,CUST3892,1164.29,3,Standard,Delivered
10/15/2021,ORD32163,P1009,External Hard Drive,CUST2547,1247.84,1,Overnight,Delivered
07-25-2023,ORD94189,P1001,Smartphone,CUST1264,587.35,3,Expedited,Pending
12/23/2025,ORD93556,P1007,4K TV,CUST1377,1419.05,3,Overnight,Pending
07/31/2025,ORD36995,P1008,Bluetooth Speaker,CUST7312,352.62,4,Overnight,Delivered
2025-01-03,ORD42591,P1005,Wireless Earbuds,CUST6688,1608.77,5,Expedited,Delivered
07/10/2020,ORD43413,P1002,Laptop,CUST1706,501.73,2,Expedited,Pending
2025-12-08,ORD71009,P1009,External Hard Drive,CUST5641,276.41,1,Standard,Cancelled
2020-06-13,ORD80459,P1010,Mechanical Keyboard,CUST1338,42.08,3,Overnight,Shipped
2023-05-14,ORD79365,P1008,Bluetooth Speaker,CUST2512,308.48,5,Expedited,Shipped
06-21-2025,ORD54727,P1007,4K TV,CUST2828,1118.59,5,Expedited,Pending
2024-10-09,ORD68359,P1007,4K TV,CUST3553,1982.26,1,Standard,Pending
08-26-2021,ORD65384,P1003,Tablet,CUST7850,401.8,5,Expedited,Cancelled
06-30-2025,ORD86696,P1003,Tablet,CUST8712,136.95,1,Expedited,Cancelled
08/20/2025,ORD39291,P1009,External Hard Drive,CUST4570,1204.61,2,Overnight,Cancelled
03/08/2020,ORD87769,P1010,Mechanical Keyboard,CUST5930,1613.87,1,Expedited,Shipped
03-13-2020,ORD37989,P1007,4K TV,CUST7960,1417.28,1,Overnight,Delivered
06-20-2020,ORD48633,P1005,Wireless Earbuds,CUST9668,407.73,4,Overnight,Pending
04/12/2023,ORD40502,P1001,Smartphone,CUST2998,138.59,4,Standard,Shipped
04/15/2023,ORD96658,P1008,Bluetooth Speaker,CUST3298,676.01,5,Expedited,Delivered
03-08-2021,ORD51943,P1007,4K TV,CUST9717,743.15,2,Overnight,Delivered
2020-03-25,ORD38850,P1006,Gaming Console,CUST1759,1833.3,3,Expedited,Pending
2021-09-24,ORD27774,P1009,External Hard Drive,CUST5512,426.05,2,Standard,Delivered
04/11/2022,ORD95885,P1005,Wireless Earbuds,CUST1341,910.45,3,Expedited,Pending
2020-01-20,ORD44032,P1005,Wireless Earbuds,CUST5620,1812.39,3,Expedited,Shipped
10/04/2020,ORD48829,P1007,4K TV,CUST3428,792.69,5,Standard,Shipped
03/07/2023,ORD96268,P1010,Mechanical Keyboard,CUST4287,1123.74,2,Overnight,Delivered
2022-08-16,ORD74037,P1009,External Hard Drive,CUST5512,492.21,2,Expedited,Pending
07-20-2020,ORD65172,P1007,4K TV,CUST5641,1296.55,3,Expedited,Cancelled
08/06/2020,ORD32224,P1008,Bluetooth Speaker,CUST3315,873.64,1,Overnight,Cancelled
11/16/2022,ORD18510,P1007,4K TV,CUST6911,473.4,2,Expedited,Delivered
07/23/2025,ORD24717,P1009,External Hard Drive,CUST7221,1718.0,4,Expedited,Delivered
12/18/2024,ORD87648,P1006,Gaming Console,CUST8944,951.19,1,Standard,Shipped
09/11/2024,ORD38932,P1009,External Hard Drive,CUST6347,752.24,5,Expedited,Delivered
12-23-2023,ORD85104,P1004,Smartwatch,CUST3343,1509.66,4,Overnight,Pending
2022-05-31,ORD82876,P1006,Gaming Console,CUST9240,1295.12,3,Standard,Shipped
05/10/2022,ORD95702,P1001,Smartphone,CUST3362,246.68,2,Overnight,Pending
06/27/2020,ORD25252,P1010,Mechanical Keyboard,CUST8916,510.79,5,Expedited,Cancelled
2025-06-27,ORD30722,P1004,Smartwatch,CUST3319,813.24,4,Expedited,Cancelled
02/09/2022,ORD89221,P1004,Smartwatch,CUST2486,1235.6,5,Standard,Pending
2024-08-02,ORD48608,P1007,4K TV,CUST3923,1190.43,2,Expedited,Cancelled
07-24-2023,ORD28502,P1002,Laptop,CUST1564,496.54,5,Standard,Delivered
2025-10-20,ORD48253,P1003,Tablet,CUST2008,175.5,4,Standard,Pending
11/09/2025,ORD78578,P1006,Gaming Console,CUST2512,808.88,2,Expedited,Pending
12-18-2022,ORD31648,P1008,Bluetooth Speaker,CUST3374,914.51,4,Standard,Cancelled
2025-11-22,ORD16174,P1009,External Hard Drive,CUST5985,609.98,3,Standard,Shipped
2025-11-30,ORD27447,P1007,4K TV,CUST2046,1535.23,3,Overnight,Pending
08-25-2020,ORD78254,P1008,Bluetooth Speaker,CUST4015,574.73,4,Expedited,Cancelled
2022-03-22,ORD37423,P1002,Laptop,CUST5659,1722.68,3,Standard,Cancelled
04/01/2024,ORD44455,P1004,Smartwatch,CUST2850,266.42,1,Overnight,Shipped
2025-10-15,ORD82646,P1007,4K TV,CUST5724,1499.36,2,Overnight,Cancelled
2020-05-24,ORD26066,P1002,Laptop,CUST3971,404.88,5,Expedited,Cancelled
01-13-2025,ORD93927,P1001,Smartphone,CUST9078,508.18,4,Standard,Pending
2021-11-23,ORD66116,P1005,Wireless Earbuds,CUST7168,1348.29,4,Overnight,Pending
2021-12-03,ORD54712,P1006,Gaming Console,CUST3693,1077.84,4,Expedited,Pending
2021-07-23,ORD52865,P1007,4K TV,CUST1519,932.5,5,Standard,Cancelled
02/06/2024,ORD61353,P1005,Wireless Earbuds,CUST3731,1662.69,4,Expedited,Pending
06/13/2024,ORD31529,P1009,External Hard Drive,CUST4988,1652.04,4,Overnight,Pending
2020-04-10,ORD74944,P1006,Gaming Console,CUST7681,337.12,5,Standard,Pending
2024-05-02,ORD68658,P1003,Tablet,CUST8413,451.61,4,Standard,Shipped
08/05/2025,ORD46771,P1008,Bluetooth Speaker,CUST7838,1405.31,4,Standard,Cancelled
11-07-2024,ORD49122,P1003,Tablet,CUST8134,589.58,5,Expedited,Cancelled
08-10-2023,ORD50637,P1005,Wireless Earbuds,CUST6661,777.03,2,Standard,Delivered
02/05/2024,ORD49014,P1006,Gaming Console,CUST3339,1515.59,5,Overnight,Shipped
12-23-2023,ORD25466,P1005,Wireless Earbuds,CUST3037,1109.04,1,Overnight,Delivered
03/09/2022,ORD74986,P1002,Laptop,CUST3293,330.66,3,Overnight,Shipped
06/18/2024,ORD97082,P1005,Wireless Earbuds,CUST6893,1571.43,2,Overnight,Shipped
11-04-2023,ORD55508,P1007,4K TV,CUST5969,878.63,5,Overnight,Shipped
04/14/2024,ORD61897,P1002,Laptop,CUST7654,1196.27,2,Expedited,Pending
2022-02-24,ORD64280,P1010,Mechanical Keyboard,CUST8123,1733.07,3,Standard,Pending
01/20/2022,ORD80020,P1003,Tablet,CUST4410,22.33,1,Overnight,Delivered
11-14-2025,ORD38742,P1003,Tablet,CUST3100,169.35,1,Expedited,Delivered
07-13-2025,ORD65756,P1008,Bluetooth Speaker,CUST5969,908.55,4,Expedited,Cancelled
12/20/2025,ORD95242,P1010,Mechanical Keyboard,CUST8876,365.61,2,Standard,Delivered
02/21/2022,ORD16222,P1006,Gaming Console,CUST6278,1843.28,3,Expedited,Shipped
2022-06-06,ORD20589,P1003,Tablet,CUST6893,1570.1,1,Overnight,Pending
07/09/2021,ORD11396,P1005,Wireless Earbuds,CUST5040,1517.18,1,Expedited,Delivered
07-01-2022,ORD11237,P1001,Smartphone,CUST1771,1597.85,2,Expedited,Delivered
02-16-2024,ORD17823,P1007,4K TV,CUST9354,818.33,2,Expedited,Pending
06/23/2020,ORD84290,P1007,4K TV,CUST1346,217.98,1,Expedited,Delivered
02/29/2020,ORD21349,P1007,4K TV,CUST4362,588.43,5,Standard,Shipped
2020-07-29,ORD35621,P1009,External Hard Drive,CUST7667,666.24,1,Expedited,Shipped
07-21-2023,ORD52646,P1007,4K TV,CUST9579,955.51,2,Standard,Shipped
03-31-2021,ORD88857,P1008,Bluetooth Speaker,CUST3037,1930.02,2,Standard,Pending
2025-09-25,ORD16231,P1002,Laptop,CUST7024,1663.08,3,Standard,Shipped
2025-01-26,ORD46115,P1009,External Hard Drive,CUST2347,1921.4,1,Standard,Cancelled
2021-04-24,ORD71009,P1006,Gaming Console,CUST5076,581.04,3,Overnight,Pending
2023-04-01,ORD83593,P1005,Wireless Earbuds,CUST4226,1141.32,4,Overnight,Pending
05-13-2022,ORD62211,P1007,4K TV,CUST6939,363.05,3,Standard,Cancelled
11/17/2020,ORD21685,P1006,Gaming Console,CUST6855,334.84,2,Overnight,Delivered
2025-10-17,ORD14531,P1003,Tablet,CUST7656,1829.88,4,Standard,Cancelled
08/20/2021,ORD84250,P1006,Gaming Console,CUST5045,1575.99,3,Expedited,Delivered
2023-10-05,ORD40663,P1009,External Hard Drive,CUST9984,167.78,1,Expedited,Delivered
12-29-2025,ORD37711,P1004,Smartwatch,CUST9582,1557.08,5,Overnight,Shipped
2025-04-06,ORD13705,P1004,Smartwatch,CUST6939,1058.35,1,Overnight,Shipped
02/04/2025,ORD30724,P1005,Wireless Earbuds,CUST1341,1667.32,1,Overnight,Delivered
10/06/2021,ORD79196,P1006,Gaming Console,CUST8177,963.0,2,Overnight,Cancelled
05/23/2020,ORD90650,P1010,Mechanical Keyboard,CUST3517,506.6,3,Standard,Pending
2024-05-15,ORD35456,P1008,Bluetooth Speaker,CUST6714,1428.5,4,Overnight,Shipped
04-10-2020,ORD20398,P1006,Gaming Console,CUST8123,1266.66,2,Expedited,Shipped
2024-12-22,ORD20857,P1009,External Hard Drive,CUST7990,921.18,5,Standard,Pending
2025-04-28,ORD43620,P1006,Gaming Console,CUST7968,1936.08,2,Standard,Delivered
12-16-2024,ORD51838,P1008,Bluetooth Speaker,CUST6855,1812.18,4,Expedited,Delivered
03-16-2021,ORD81151,P1006,Gaming Console,CUST2623,394.72,3,Standard,Shipped
2022-10-23,ORD84143,P1008,Bluetooth Speaker,CUST1793,851.63,3,Overnight,Cancelled
10/06/2025,ORD83495,P1006,Gaming Console,CUST4015,310.43,4,Overnight,Shipped
01-06-2024,ORD54898,P1003,Tablet,CUST6930,826.13,2,Overnight,Cancelled
06-06-2022,ORD48904,P1007,4K TV,CUST6929,1326.95,1,Standard,Cancelled
01-14-2023,ORD52767,P1005,Wireless Earbuds,CUST2293,1408.16,3,Expedited,Shipped
2022-05-06,ORD98338,P1004,Smartwatch,CUST6207,340.63,4,Standard,Delivered
2021-01-16,ORD30844,P1008,Bluetooth Speaker,CUST5217,603.25,3,Expedited,Shipped
2023-11-05,ORD36216,P1007,4K TV,CUST2073,1304.64,4,Overnight,Shipped
01/23/2020,ORD47689,P1007,4K TV,CUST1845,564.16,1,Standard,Cancelled
10-01-2021,ORD28274,P1009,External Hard Drive,CUST1166,1884.93,2,Overnight,Shipped
05-15-2022,ORD78827,P1010,Mechanical Keyboard,CUST1818,424.99,1,Standard,Cancelled
04/04/2021,ORD17964,P1002,Laptop,CUST2158,856.92,5,Overnight,Pending
10/23/2025,ORD11089,P1003,Tablet,CUST6038,704.17,3,Expedited,Shipped
03-23-2022,ORD41478,P1010,Mechanical Keyboard,CUST5657,522.95,4,Overnight,Delivered
03/04/2022,ORD53522,P1003,Tablet,CUST7654,1027.98,2,Standard,Pending
01/20/2023,ORD62185,P1004,Smartwatch,CUST9593,1301.56,3,Overnight,Cancelled
04/05/2021,ORD91768,P1008,Bluetooth Speaker,CUST2547,1597.66,4,Standard,Shipped
08-05-2024,ORD41198,P1004,Smartwatch,CUST3754,1248.7,3,Standard,Cancelled
08-15-2021,ORD37853,P1007,4K TV,CUST6600,1422.98,2,Standard,Cancelled
08/12/2022,ORD92024,P1003,Tablet,CUST5800,1546.42,2,Expedited,Shipped
2022-05-12,ORD83699,P1010,Mechanical Keyboard,CUST6613,131.66,4,Overnight,Delivered
2024-04-27,ORD91259,P1003,Tablet,CUST6929,43.81,5,Expedited,Shipped
2025-08-26,ORD51457,P1010,Mechanical Keyboard,CUST8684,1909.86,4,Expedited,Shipped
2020-08-23,ORD80208,P1006,Gaming Console,CUST6259,1892.16,2,Overnight,Delivered
2020-03-05,ORD18038,P1002,Laptop,CUST1950,1634.08,2,Standard,Pending
2020-10-02,ORD16899,P1006,Gaming Console,CUST4886,677.47,5,Standard,Pending
04/03/2020,ORD87007,P1003,Tablet,CUST2828,294.0,4,Expedited,Pending
2024-11-23,ORD62361,P1008,Bluetooth Speaker,CUST5331,208.89,4,Expedited,Pending
02/28/2021,ORD85556,P1001,Smartphone,CUST2079,1789.06,2,Overnight,Shipped
06-30-2024,ORD44108,P1004,Smartwatch,CUST9417,39.38,1,Standard,Delivered
2025-06-11,ORD93343,P1006,Gaming Console,CUST5659,1386.49,2,Expedited,Pending
12/15/2024,ORD70588,P1001,Smartphone,CUST4750,230.77,3,Expedited,Cancelled
07/29/2021,ORD98573,P1007,4K TV,CUST3923,612.09,3,Expedited,Shipped
2024-11-10,ORD72630,P1009,External Hard Drive,CUST7940,605.65,3,Expedited,Shipped
2024-02-06,ORD25897,P1010,Mechanical Keyboard,CUST7253,1858.73,5,Overnight,Cancelled
12-05-2025,ORD22309,P1009,External Hard Drive,CUST7654,1728.62,3,Overnight,Shipped
2022-01-16,ORD12603,P1001,Smartphone,CUST4410,646.93,1,Overnight,Shipped
07-11-2022,ORD85577,P1006,Gaming Console,CUST6688,1186.69,2,Expedited,Shipped
01/30/2024,ORD88776,P1005,Wireless Earbuds,CUST5823,1560.85,4,Standard,Pending
09-24-2020,ORD96135,P1003,Tablet,CUST6891,1466.69,5,Expedited,Cancelled
01/29/2023,ORD83644,P1004,Smartwatch,CUST2924,1316.36,1,Overnight,Shipped
2023-07-11,ORD91235,P1008,Bluetooth Speaker,CUST7968,1540.39,4,Overnight,Cancelled
09-10-2021,ORD58482,P1006,Gaming Console,CUST1433,872.89,3,Overnight,Pending
2020-09-26,ORD11453,P1006,Gaming Console,CUST2991,846.86,2,Expedited,Cancelled
04/26/2022,ORD52243,P1001,Smartphone,CUST6666,911.64,4,Expedited,Pending
01/23/2022,ORD86257,P1006,Gaming Console,CUST3006,343.74,5,Standard,Pending
01-28-2025,ORD53044,P1001,Smartphone,CUST1504,1453.79,2,Expedited,Delivered
12-11-2023,ORD43064,P1008,Bluetooth Speaker,CUST1377,157.48,3,Overnight,Cancelled
2020-07-23,ORD59419,P1006,Gaming Console,CUST3693,887.04,5,Overnight,Cancelled
07/08/2024,ORD20158,P1002,Laptop,CUST6207,653.98,4,Standard,Delivered
05/12/2020,ORD57253,P1005,Wireless Earbuds,CUST1088,1967.11,3,Expedited,Pending
03-01-2025,ORD88167,P1006,Gaming Console,CUST2243,1970.08,1,Overnight,Pending
2022-05-23,ORD64758,P1001,Smartphone,CUST3892,1348.85,2,Expedited,Pending
2025-06-19,ORD70083,P1008,Bluetooth Speaker,CUST2991,658.83,1,Expedited,Pending
12-04-2020,ORD69772,P1004,Smartwatch,CUST7968,1265.98,4,Overnight,Cancelled
2021-09-06,ORD56710,P1005,Wireless Earbuds,CUST9797,1238.05,2,Overnight,Cancelled
2022-07-17,ORD95684,P1006,Gaming Console,CUST6911,295.96,1,Expedited,Pending
01-20-2020,ORD82883,P1003,Tablet,CUST5800,374.57,2,Expedited,Cancelled
2020-09-13,ORD77600,P1006,Gaming Console,CUST7289,640.12,2,Overnight,Cancelled
2022-02-03,ORD84898,P1007,4K TV,CUST9134,38.87,3,Standard,Cancelled
2025-05-25,ORD17981,P1005,Wireless Earbuds,CUST4056,603.65,3,Standard,Pending
2020-08-05,ORD88153,P1006,Gaming Console,CUST5802,769.35,4,Overnight,Shipped
06/11/2020,ORD87034,P1003,Tablet,CUST3517,1171.78,1,Standard,Shipped
06-09-2021,ORD53605,P1009,External Hard Drive,CUST4466,1881.96,1,Expedited,Shipped
2022-01-31,ORD28020,P1003,Tablet,CUST8327,1675.98,4,Overnight,Shipped
02/10/2024,ORD28809,P1006,Gaming Console,CUST7102,873.02,1,Expedited,Delivered
07-02-2020,ORD74678,P1002,Laptop,CUST7078,1890.76,2,Expedited,Delivered
02/06/2023,ORD69104,P1005,Wireless Earbuds,CUST1050,1579.18,4,Overnight,Cancelled
12-29-2022,ORD33171,P1010,Mechanical Keyboard,CUST3731,1832.9,1,Overnight,Pending
09/27/2024,ORD94651,P1007,4K TV,CUST7699,636.78,2,Standard,Cancelled
02/19/2025,ORD73153,P1008,Bluetooth Speaker,CUST8736,1939.58,5,Expedited,Cancelled
10/04/2022,ORD83534,P1003,Tablet,CUST1793,1236.81,5,Expedited,Delivered
06-11-2022,ORD80537,P1010,Mechanical Keyboard,CUST2454,973.11,4,Standard,Shipped
10-10-2025,ORD58257,P1004,Smartwatch,CUST1054,1856.42,3,Expedited,Shipped
08/13/2024,ORD75450,P1009,External Hard Drive,CUST8245,1799.05,3,Expedited,Pending
01/24/2020,ORD38587,P1006,Gaming Console,CUST6650,1647.81,1,Overnight,Delivered
11-02-2020,ORD18951,P1002,Laptop,CUST9003,264.58,5,Expedited,Pending
2024-02-01,ORD68447,P1001,Smartphone,CUST8736,621.2,3,Overnight,Pending
09-11-2024,ORD67389,P1007,4K TV,CUST4928,506.29,5,Overnight,Cancelled
03/31/2024,ORD40542,P1001,Smartphone,CUST9629,1615.24,5,Standard,Pending
2025-03-17,ORD42424,P1007,4K TV,CUST8368,458.09,5,Standard,Shipped
12-07-2025,ORD90253,P1007,4K TV,CUST2584,619.79,2,Standard,Cancelled
10/26/2023,ORD12443,P1005,Wireless Earbuds,CUST4283,1231.96,3,Overnight,Cancelled
2020-10-24,ORD12921,P1006,Gaming Console,CUST1519,292.46,4,Expedited,Cancelled
2025-10-19,ORD21856,P1001,Smartphone,CUST4267,1106.38,4,Expedited,Shipped
03/26/2025,ORD46305,P1005,Wireless Earbuds,CUST8749,1107.87,2,Expedited,Pending
2024-05-22,ORD26425,P1009,External Hard Drive,CUST8671,726.4,3,Expedited,Delivered
2023-02-23,ORD62518,P1003,Tablet,CUST1871,336.26,4,Overnight,Shipped
2021-05-16,ORD93150,P1003,Tablet,CUST5985,1654.43,1,Overnight,Pending
10-20-2023,ORD33111,P1007,4K TV,CUST1391,715.08,2,Expedited,Shipped
04-08-2021,ORD83606,P1001,Smartphone,CUST2343,594.62,1,Standard,Pending
2021-03-13,ORD74406,P1005,Wireless Earbuds,CUST9717,923.22,4,Expedited,Cancelled
08/23/2021,ORD99152,P1010,Mechanical Keyboard,CUST1073,1495.88,4,Overnight,Pending
11-02-2024,ORD14551,P1002,Laptop,CUST5032,1485.11,5,Overnight,Delivered
05/24/2020,ORD81904,P1010,Mechanical Keyboard,CUST2690,1531.57,3,Overnight,Cancelled
03/14/2023,ORD94669,P1008,Bluetooth Speaker,CUST6436,1840.08,4,Standard,Pending
11-20-2024,ORD17093,P1004,Smartwatch,CUST3896,231.5,3,Expedited,Pending
12/27/2023,ORD64970,P1007,4K TV,CUST4610,1669.16,3,Standard,Pending
08-02-2022,ORD40406,P1003,Tablet,CUST7249,1630.3,5,Expedited,Delivered
2020-04-01,ORD27085,P1005,Wireless Earbuds,CUST5754,945.57,2,Standard,Pending
11-05-2020,ORD83271,P1008,Bluetooth Speaker,CUST7207,1732.88,5,Expedited,Delivered
2023-05-14,ORD66574,P1008,Bluetooth Speaker,CUST3139,1597.92,1,Standard,Cancelled
11-21-2020,ORD82505,P1004,Smartwatch,CUST7087,160.72,2,Standard,Cancelled
2025-06-02,ORD85221,P1007,4K TV,CUST1745,261.45,4,Expedited,Delivered
2020-08-19,ORD73320,P1004,Smartwatch,CUST1983,1418.15,1,Standard,Pending
11/06/2024,ORD94823,P1006,Gaming Console,CUST5512,889.5,5,Overnight,Pending
11/09/2024,ORD99960,P1009,External Hard Drive,CUST5076,981.02,4,Expedited,Cancelled
05-29-2023,ORD59640,P1003,Tablet,CUST5657,815.54,2,Expedited,Cancelled
07-18-2021,ORD87564,P1007,4K TV,CUST6038,141.1,1,Overnight,Pending
10-13-2025,ORD55322,P1003,Tablet,CUST8802,92.81,3,Standard,Cancelled
08-02-2024,ORD72870,P1006,Gaming Console,CUST1759,54.27,4,Overnight,Delivered
2024-12-18,ORD91156,P1009,External Hard Drive,CUST3511,1499.97,4,Standard,Pending
2022-04-07,ORD46845,P1003,Tablet,CUST4900,1022.87,3,Overnight,Shipped
02/18/2020,ORD87489,P1008,Bluetooth Speaker,CUST8260,1636.68,2,Standard,Shipped
2022-12-21,ORD99916,P1009,External Hard Drive,CUST3526,470.73,3,Overnight,Pending
02/20/2021,ORD31993,P1003,Tablet,CUST6835,1509.08,3,Standard,Shipped
2020-10-29,ORD28584,P1006,Gaming Console,CUST4570,1535.54,1,Overnight,Delivered
2025-12-21,ORD48841,P1006,Gaming Console,CUST1169,1819.92,2,Standard,Delivered
01/12/2021,ORD36718,P1006,Gaming Console,CUST2034,1212.08,1,Overnight,Shipped
10-01-2022,ORD23022,P1003,Tablet,CUST3319,1742.28,3,Expedited,Cancelled
06-09-2024,ORD35451,P1001,Smartphone,CUST9751,1921.21,5,Expedited,Shipped
06/14/2025,ORD41469,P1010,Mechanical Keyboard,CUST7816,325.96,5,Overnight,Pending
07-30-2025,ORD85419,P1004,Smartwatch,CUST8260,1083.45,3,Overnight,Pending
08/08/2020,ORD78245,P1008,Bluetooth Speaker,CUST6818,129.31,1,Standard,Shipped
2025-04-05,ORD37161,P1010,Mechanical Keyboard,CUST6818,1900.89,5,Overnight,Pending
2024-05-05,ORD61721,P1006,Gaming Console,CUST1602,86.6,4,Expedited,Cancelled
2025-05-18,ORD19253,P1002,Laptop,CUST3623,1584.78,1,Expedited,Cancelled
09/28/2020,ORD63493,P1002,Laptop,CUST4283,278.12,3,Standard,Shipped
09/01/2020,ORD82689,P1005,Wireless Earbuds,CUST7249,533.1,4,Standard,Delivered
12-11-2021,ORD13680,P1007,4K TV,CUST2486,428.89,5,Standard,Delivered
2024-07-07,ORD81826,P1008,Bluetooth Speaker,CUST8571,956.98,4,Expedited,Delivered
2021-04-23,ORD63607,P1001,Smartphone,CUST6621,603.8,1,Overnight,Cancelled
02/11/2024,ORD64212,P1003,Tablet,CUST6933,1638.44,2,Expedited,Delivered
09-12-2025,ORD60393,P1006,Gaming Console,CUST7987,1248.49,5,Expedited,Shipped
06/20/2024,ORD58962,P1005,Wireless Earbuds,CUST1950,1438.58,1,Expedited,Shipped
05-04-2020,ORD19342,P1002,Laptop,CUST5032,1827.38,2,Standard,Delivered
2023-06-09,ORD58447,P1008,Bluetooth Speaker,CUST5043,989.07,5,Overnight,Shipped
2024-12-02,ORD71157,P1007,4K TV,CUST7136,1063.69,2,Expedited,Pending
2021-11-25,ORD60295,P1005,Wireless Earbuds,CUST7548,766.78,1,Standard,Pending
2025-09-16,ORD73143,P1002,Laptop,CUST2761,129.32,2,Overnight,Cancelled
12-10-2023,ORD85446,P1002,Laptop,CUST7078,129.61,2,Expedited,Pending
09/30/2020,ORD59911,P1010,Mechanical Keyboard,CUST8653,1849.67,4,Expedited,Cancelled
04-06-2021,ORD70533,P1008,Bluetooth Speaker,CUST8431,1201.46,2,Overnight,Delivered
12-18-2023,ORD20551,P1006,Gaming Console,CUST2163,1371.83,3,Standard,Delivered
10-11-2020,ORD99907,P1010,Mechanical Keyboard,CUST1871,1808.37,1,Expedited,Pending
09/08/2020,ORD15772,P1005,Wireless Earbuds,CUST4552,1044.68,1,Expedited,Shipped
04-29-2023,ORD95934,P1009,External Hard Drive,CUST7656,1281.14,1,Standard,Delivered
04/30/2025,ORD37210,P1006,Gaming Console,CUST7408,1220.61,1,Overnight,Shipped
02-11-2023,ORD51787,P1004,Smartwatch,CUST7838,131.35,1,Expedited,Pending
2021-01-20,ORD12050,P1002,Laptop,CUST7850,930.22,4,Expedited,Shipped
2025-08-13,ORD56407,P1001,Smartphone,CUST3731,856.13,4,Overnight,Pending
07-25-2022,ORD31653,P1001,Smartphone,CUST8495,87.19,1,Standard,Delivered
12/07/2025,ORD23532,P1010,Mechanical Keyboard,CUST2645,124.72,5,Overnight,Cancelled
01/03/2021,ORD69244,P1009,External Hard Drive,CUST5448,1836.67,3,Expedited,Pending
2023-05-13,ORD99589,P1001,Smartphone,CUST7632,1398.75,1,Expedited,Shipped
10/06/2022,ORD82992,P1001,Smartphone,CUST8368,770.37,4,Expedited,Delivered
2022-12-25,ORD64164,P1001,Smartphone,CUST4522,667.52,1,Expedited,Shipped
07/21/2024,ORD18635,P1006,Gaming Console,CUST8540,1902.19,2,Expedited,Shipped
09/28/2021,ORD69804,P1004,Smartwatch,CUST6259,1178.06,1,Standard,Pending
01-11-2024,ORD38819,P1007,4K TV,CUST6688,1892.7,4,Standard,Cancelled
05-10-2024,ORD73773,P1010,Mechanical Keyboard,CUST5184,1831.46,5,Standard,Delivered
01-25-2020,ORD59230,P1003,Tablet,CUST6384,1850.56,1,Standard,Delivered
2024-03-08,ORD51550,P1001,Smartphone,CUST8229,1365.89,2,Expedited,Cancelled
2022-10-06,ORD89228,P1010,Mechanical Keyboard,CUST7960,443.19,3,Overnight,Shipped
12-06-2020,ORD79713,P1003,Tablet,CUST5999,675.41,3,Expedited,Cancelled
04/15/2024,ORD93818,P1010,Mechanical Keyboard,CUST8960,1786.63,2,Overnight,Shipped
2020-03-24,ORD99849,P1003,Tablet,CUST4795,78.35,4,Expedited,Pending
04/18/2021,ORD87835,P1008,Bluetooth Speaker,CUST7823,541.0,1,Standard,Cancelled
01-11-2023,ORD34505,P1009,External Hard Drive,CUST4701,1369.66,2,Expedited,Delivered
01-28-2024,ORD83236,P1004,Smartwatch,CUST3187,667.26,5,Standard,Shipped
10/31/2020,ORD49831,P1005,Wireless Earbuds,CUST9792,1274.79,1,Overnight,Pending
10-14-2020,ORD53372,P1010,Mechanical Keyboard,CUST8802,1094.8,3,Overnight,Delivered
10/26/2020,ORD37491,P1006,Gaming Console,CUST1706,1630.5,5,Overnight,Delivered
2025-11-26,ORD84490,P1003,Tablet,CUST5549,1643.85,5,Expedited,Delivered
03-04-2022,ORD55121,P1005,Wireless Earbuds,CUST3056,908.07,2,Expedited,Cancelled
10/03/2020,ORD24954,P1005,Wireless Earbuds,CUST2584,1699.28,2,Standard,Pending
06/13/2021,ORD36720,P1008,Bluetooth Speaker,CUST7656,777.74,1,Overnight,Pending
2023-05-31,ORD11646,P1006,Gaming Console,CUST5756,245.82,2,Standard,Cancelled
10-29-2021,ORD94067,P1001,Smartphone,CUST8718,568.48,4,Expedited,Pending
2020-07-25,ORD50326,P1005,Wireless Earbuds,CUST6528,722.56,4,Overnight,Delivered
03-09-2021,ORD34391,P1005,Wireless Earbuds,CUST2322,1716.63,4,Expedited,Cancelled
2024-01-23,ORD69402,P1007,4K TV,CUST9389,1748.84,1,Overnight,Shipped
07-13-2021,ORD41044,P1010,Mechanical Keyboard,CUST2322,1764.58,2,Expedited,Cancelled
2021-10-12,ORD47373,P1004,Smartwatch,CUST1296,1056.23,4,Overnight,Shipped
2024-06-21,ORD80353,P1003,Tablet,CUST1391,288.94,1,Expedited,Pending
07/08/2025,ORD94081,P1006,Gaming Console,CUST3623,1293.21,1,Expedited,Shipped
06-10-2024,ORD54869,P1003,Tablet,CUST3952,677.99,5,Overnight,Shipped
10/26/2024,ORD65506,P1003,Tablet,CUST3139,231.22,3,Overnight,Pending
05/05/2022,ORD83283,P1003,Tablet,CUST4769,817.37,4,Expedited,Delivered
2020-03-24,ORD24214,P1008,Bluetooth Speaker,CUST1931,818.01,4,Standard,Pending
11-02-2025,ORD10737,P1010,Mechanical Keyboard,CUST9232,1252.43,1,Standard,Pending
05-24-2021,ORD19468,P1008,Bluetooth Speaker,CUST6207,1270.39,1,Standard,Delivered
06/17/2020,ORD87019,P1007,4K TV,CUST5092,250.11,1,Expedited,Cancelled
2023-07-29,ORD75576,P1003,Tablet,CUST1959,1291.54,1,Expedited,Shipped
02-21-2025,ORD50153,P1002,Laptop,CUST9755,1755.29,3,Expedited,Shipped
2025-10-18,ORD52262,P1005,Wireless Earbuds,CUST6528,1034.1,4,Standard,Delivered
12-18-2022,ORD62074,P1009,External Hard Drive,CUST1983,812.82,1,Expedited,Shipped
05-13-2025,ORD25635,P1003,Tablet,CUST5045,1059.55,3,Overnight,Shipped
03-29-2025,ORD83133,P1003,Tablet,CUST1759,847.24,2,Expedited,Cancelled
05/10/2020,ORD90254,P1007,4K TV,CUST9389,311.63,2,Overnight,Shipped
05-23-2025,ORD25615,P1005,Wireless Earbuds,CUST7289,1927.47,1,Overnight,Delivered
08-29-2022,ORD70438,P1008,Bluetooth Speaker,CUST5155,1058.61,5,Standard,Shipped
2022-04-23,ORD44554,P1004,Smartwatch,CUST9602,1078.71,5,Overnight,Pending
08/29/2024,ORD55727,P1003,Tablet,CUST5577,1330.51,1,Overnight,Cancelled
02/18/2020,ORD93876,P1007,4K TV,CUST2584,752.02,5,Standard,Pending
09-15-2023,ORD84168,P1005,Wireless Earbuds,CUST3558,899.15,5,Expedited,Shipped
11/16/2022,ORD91948,P1009,External Hard Drive,CUST2434,1040.68,4,Overnight,Cancelled
2024-02-24,ORD77988,P1006,Gaming Console,CUST8876,1077.07,3,Standard,Cancelled
02-16-2025,ORD33103,P1004,Smartwatch,CUST7990,1586.7,3,Overnight,Pending
07/13/2023,ORD83849,P1008,Bluetooth Speaker,CUST3547,698.63,3,Expedited,Pending
02-06-2024,ORD96688,P1008,Bluetooth Speaker,CUST6754,1085.13,4,Expedited,Shipped
10/27/2025,ORD94846,P1005,Wireless Earbuds,CUST2486,1745.39,2,Expedited,Pending
10/19/2020,ORD49825,P1004,Smartwatch,CUST9602,649.82,2,Standard,Shipped
2024-08-29,ORD52655,P1010,Mechanical Keyboard,CUST9755,668.08,5,Overnight,Pending
10/28/2020,ORD52021,P1007,4K TV,CUST8671,940.09,5,Expedited,Pending
09-14-2025,ORD30428,P1003,Tablet,CUST5969,1862.45,2,Expedited,Delivered
2020-05-16,ORD14296,P1002,Laptop,CUST4578,1013.14,1,Expedited,Pending
2020-03-04,ORD69123,P1002,Laptop,CUST5802,1549.21,3,Overnight,Pending
07/28/2023,ORD60082,P1003,Tablet,CUST4283,1459.57,2,Standard,Shipped
07-09-2021,ORD89239,P1009,External Hard Drive,CUST2343,1489.72,5,Standard,Delivered
12/19/2020,ORD45048,P1008,Bluetooth Speaker,CUST9454,311.52,2,Standard,Cancelled
08-25-2025,ORD97283,P1009,External Hard Drive,CUST2515,168.36,5,Standard,Shipped
2024-12-02,ORD16725,P1010,Mechanical Keyboard,CUST1201,1467.48,2,Expedited,Delivered
01-27-2020,ORD48529,P1006,Gaming Console,CUST2079,664.79,3,Standard,Shipped
01-18-2023,ORD44885,P1004,Smartwatch,CUST1264,798.6,3,Overnight,Shipped
08/03/2020,ORD28509,P1007,4K TV,CUST5755,918.86,4,Expedited,Delivered
04/01/2024,ORD68803,P1010,Mechanical Keyboard,CUST4017,1465.57,5,Standard,Cancelled
06/05/2020,ORD73121,P1005,Wireless Earbuds,CUST8368,1557.64,1,Overnight,Pending
2024-03-13,ORD43305,P1010,Mechanical Keyboard,CUST7852,305.08,1,Overnight,Delivered
2025-10-04,ORD44599,P1005,Wireless Earbuds,CUST5379,89.1,1,Expedited,Shipped
07-08-2022,ORD26827,P1001,Smartphone,CUST5282,690.54,1,Expedited,Shipped
2020-10-13,ORD99040,P1008,Bluetooth Speaker,CUST2079,1188.5,2,Expedited,Shipped
10/10/2021,ORD40180,P1008,Bluetooth Speaker,CUST2347,506.85,4,Standard,Pending
08/22/2020,ORD11786,P1003,Tablet,CUST3187,1937.3,5,Overnight,Delivered
2023-07-15,ORD18582,P1004,Smartwatch,CUST9751,935.88,1,Expedited,Pending
2023-02-02,ORD40304,P1003,Tablet,CUST9274,987.53,4,Standard,Delivered
11-14-2022,ORD26680,P1006,Gaming Console,CUST1959,1530.7,5,Standard,Cancelled
10/03/2020,ORD61647,P1010,Mechanical Keyboard,CUST9602,209.71,1,Overnight,Shipped
04-08-2024,ORD66979,P1002,Laptop,CUST5206,989.05,3,Expedited,Cancelled
10/15/2024,ORD62398,P1001,Smartphone,CUST8916,150.33,3,Overnight,Pending
11/24/2020,ORD84962,P1007,4K TV,CUST1371,74.12,4,Standard,Pending
03-27-2023,ORD96358,P1010,Mechanical Keyboard,CUST2861,1826.72,2,Expedited,Cancelled
09/10/2022,ORD63505,P1005,Wireless Earbuds,CUST1447,1885.87,1,Standard,Pending
2023-03-26,ORD58096,P1006,Gaming Console,CUST8123,500.76,1,Overnight,Delivered
05-31-2020,ORD91420,P1006,Gaming Console,CUST9668,734.47,3,Overnight,Pending
2023-02-13,ORD21826,P1002,Laptop,CUST9768,1457.57,1,Standard,Pending
08/15/2024,ORD93313,P1001,Smartphone,CUST4026,1892.49,5,Standard,Pending
2024-12-21,ORD37290,P1003,Tablet,CUST4362,1403.43,3,Overnight,Delivered
06/17/2024,ORD67305,P1003,Tablet,CUST6835,739.56,4,Expedited,Pending
02/28/2020,ORD80412,P1009,External Hard Drive,CUST4578,976.78,5,Expedited,Shipped
06-03-2020,ORD81554,P1002,Laptop,CUST7850,328.94,3,Overnight,Shipped
05/23/2025,ORD92446,P1007,4K TV,CUST4026,1554.1,2,Expedited,Pending
09-19-2022,ORD92962,P1004,Smartwatch,CUST2285,157.15,2,Overnight,Pending
2025-01-07,ORD79622,P1010,Mechanical Keyboard,CUST7990,445.59,4,Standard,Cancelled
02/27/2022,ORD32155,P1002,Laptop,CUST5800,1367.46,4,Standard,Cancelled
2020-01-18,ORD88225,P1004,Smartwatch,CUST7024,422.94,5,Expedited,Delivered
2022-04-16,ORD10617,P1009,External Hard Drive,CUST6933,963.27,2,Expedited,Shipped
03/02/2024,ORD62425,P1005,Wireless Earbuds,CUST5155,836.07,1,Expedited,Cancelled
12-10-2025,ORD39221,P1004,Smartwatch,CUST8802,1485.34,4,Overnight,Delivered
07-03-2022,ORD97100,P1010,Mechanical Keyboard,CUST7289,740.84,5,Overnight,Shipped
09-04-2021,ORD84306,P1007,4K TV,CUST7960,508.02,4,Expedited,Shipped
09-05-2023,ORD49828,P1006,Gaming Console,CUST3056,234.17,3,Overnight,Delivered
2021-06-29,ORD96376,P1007,4K TV,CUST4701,1890.94,4,Overnight,Shipped
11-06-2023,ORD91865,P1003,Tablet,CUST5727,504.35,5,Expedited,Cancelled
04-29-2020,ORD75485,P1007,4K TV,CUST8741,1490.38,4,Expedited,Pending
04-05-2024,ORD42478,P1008,Bluetooth Speaker,CUST1309,1260.15,3,Expedited,Pending
2024-06-03,ORD87454,P1010,Mechanical Keyboard,CUST3275,869.9,1,Standard,Delivered
2024-05-02,ORD77816,P1008,Bluetooth Speaker,CUST4362,390.51,4,Standard,Shipped
2025-04-03,ORD10820,P1005,Wireless Earbuds,CUST5045,396.98,3,Expedited,Pending
04/17/2025,ORD92267,P1005,Wireless Earbuds,CUST5167,1644.56,4,Expedited,Cancelled
2024-01-22,ORD91827,P1003,Tablet,CUST9134,52.64,2,Overnight,Pending
08-13-2022,ORD49197,P1001,Smartphone,CUST9145,993.46,1,Expedited,Shipped
2022-01-14,ORD38576,P1003,Tablet,CUST3319,1848.58,2,Standard,Delivered
12-07-2023,ORD42022,P1006,Gaming Console,CUST5307,1155.89,2,Standard,Delivered
08-03-2025,ORD99157,P1003,Tablet,CUST2584,1853.75,4,Expedited,Delivered
2023-08-13,ORD66222,P1007,4K TV,CUST9232,736.72,3,Standard,Pending
06/17/2022,ORD72239,P1005,Wireless Earbuds,CUST2156,1696.56,2,Overnight,Cancelled
07-12-2023,ORD20778,P1010,Mechanical Keyboard,CUST8412,1088.88,3,Expedited,Pending
06/07/2021,ORD11315,P1005,Wireless Earbuds,CUST6295,1043.02,5,Overnight,Shipped
09-25-2021,ORD50275,P1001,Smartphone,CUST5077,1753.35,4,Standard,Delivered
11-30-2021,ORD32398,P1010,Mechanical Keyboard,CUST4470,99.24,1,Overnight,Shipped
02/20/2024,ORD53270,P1006,Gaming Console,CUST2515,21.99,2,Standard,Cancelled
08/10/2022,ORD18008,P1007,4K TV,CUST3923,1051.7,1,Standard,Delivered
2023-09-01,ORD65702,P1005,Wireless Earbuds,CUST4632,1786.27,2,Overnight,Cancelled
07-20-2023,ORD33244,P1001,Smartphone,CUST3723,526.81,2,Standard,Cancelled
2022-10-30,ORD63039,P1008,Bluetooth Speaker,CUST8636,1386.14,2,Standard,Pending
2025-04-02,ORD65404,P1005,Wireless Earbuds,CUST4228,1966.15,2,Overnight,Cancelled
02/13/2025,ORD20662,P1004,Smartwatch,CUST2285,193.62,5,Standard,Shipped
09/05/2021,ORD14953,P1004,Smartwatch,CUST2008,1551.25,1,Expedited,Delivered
2024-05-20,ORD83630,P1007,4K TV,CUST9602,1938.48,2,Standard,Pending
02-03-2020,ORD39157,P1001,Smartphone,CUST1897,885.41,3,Expedited,Pending
2020-04-03,ORD70670,P1001,Smartphone,CUST5608,1092.87,2,Standard,Cancelled
04-23-2023,ORD70001,P1008,Bluetooth Speaker,CUST6377,667.21,1,Standard,Cancelled
02-17-2020,ORD91742,P1001,Smartphone,CUST4900,1100.67,4,Expedited,Shipped
06/08/2024,ORD60728,P1008,Bluetooth Speaker,CUST5657,139.48,3,Overnight,Cancelled
12/20/2020,ORD52290,P1005,Wireless Earbuds,CUST5749,1556.85,5,Expedited,Shipped
06/18/2022,ORD84438,P1003,Tablet,CUST4833,330.92,1,Overnight,Shipped
10-11-2021,ORD33972,P1004,Smartwatch,CUST8418,385.1,1,Expedited,Cancelled
01-26-2024,ORD72542,P1006,Gaming Console,CUST6891,27.45,3,Overnight,Shipped
04/14/2024,ORD18693,P1004,Smartwatch,CUST9751,262.07,3,Standard,Cancelled
2023-12-12,ORD61030,P1007,4K TV,CUST1309,437.11,2,Standard,Delivered
05-11-2020,ORD22804,P1005,Wireless Earbuds,CUST6100,1354.24,2,Overnight,Shipped
05-22-2023,ORD55164,P1005,Wireless Earbuds,CUST1897,1235.31,4,Standard,Pending
07/28/2020,ORD66854,P1005,Wireless Earbuds,CUST7207,1551.38,4,Standard,Cancelled
02-28-2022,ORD62376,P1002,Laptop,CUST2998,1865.95,1,Standard,Pending
03/12/2021,ORD49415,P1004,Smartwatch,CUST6688,1016.73,1,Expedited,Pending
10/19/2022,ORD45287,P1002,Laptop,CUST2881,1876.21,1,Expedited,Shipped
05/24/2024,ORD62235,P1002,Laptop,CUST2486,244.45,5,Standard,Delivered
11-29-2024,ORD75467,P1003,Tablet,CUST6528,1919.15,2,Standard,Shipped
11/12/2020,ORD17720,P1001,Smartphone,CUST8749,195.77,2,Overnight,Delivered
01/23/2023,ORD67727,P1003,Tablet,CUST2667,332.78,5,Expedited,Cancelled
2023-01-28,ORD64560,P1008,Bluetooth Speaker,CUST4578,547.01,1,Standard,Pending
2020-10-16,ORD64308,P1004,Smartwatch,CUST3731,401.97,1,Standard,Cancelled
2024-08-10,ORD27462,P1004,Smartwatch,CUST3056,1859.45,4,Overnight,Delivered
2023-12-15,ORD21644,P1003,Tablet,CUST2034,800.44,4,Overnight,Delivered
04/29/2020,ORD10485,P1009,External Hard Drive,CUST8431,171.13,2,Standard,Delivered
07-14-2023,ORD24190,P1006,Gaming Console,CUST2339,400.23,5,Overnight,Shipped
04-11-2021,ORD48827,P1010,Mechanical Keyboard,CUST4845,32.19,5,Standard,Cancelled
07/17/2021,ORD28259,P1002,Laptop,CUST7836,770.02,3,Standard,Cancelled
11/15/2022,ORD24929,P1002,Laptop,CUST8738,688.19,5,Expedited,Delivered
2022-11-18,ORD10925,P1009,External Hard Drive,CUST2987,1176.0,1,Standard,Cancelled
2020-03-12,ORD20388,P1004,Smartwatch,CUST8327,949.64,3,Expedited,Cancelled
2024-05-03,ORD23771,P1004,Smartwatch,CUST7418,694.89,1,Overnight,Shipped
11/12/2024,ORD32524,P1009,External Hard Drive,CUST3261,465.02,1,Overnight,Shipped
2024-10-21,ORD52027,P1006,Gaming Console,CUST6278,550.79,1,Standard,Pending
09/12/2020,ORD58263,P1004,Smartwatch,CUST5577,952.5,2,Standard,Pending
03-26-2022,ORD36810,P1004,Smartwatch,CUST6855,1102.91,1,Standard,Cancelled
05/09/2023,ORD10326,P1008,Bluetooth Speaker,CUST7836,442.12,3,Standard,Delivered
2020-03-10,ORD28980,P1007,4K TV,CUST3090,1453.06,2,Standard,Delivered
2023-10-15,ORD49673,P1006,Gaming Console,CUST4769,599.69,1,Standard,Cancelled
2020-09-30,ORD54617,P1007,4K TV,CUST3298,389.64,5,Overnight,Pending
2023-02-24,ORD75540,P1006,Gaming Console,CUST3693,715.8,2,Overnight,Delivered
03/27/2024,ORD58411,P1005,Wireless Earbuds,CUST8217,548.0,5,Standard,Shipped
12-13-2020,ORD47783,P1001,Smartphone,CUST7418,1462.43,4,Standard,Shipped
12-01-2022,ORD52309,P1009,External Hard Drive,CUST5424,1627.12,4,Expedited,Cancelled
2021-02-16,ORD42156,P1006,Gaming Console,CUST9198,1136.36,4,Expedited,Shipped
07-14-2021,ORD49424,P1009,External Hard Drive,CUST7813,854.08,4,Standard,Pending
04/13/2020,ORD38417,P1010,Mechanical Keyboard,CUST4883,955.35,1,Standard,Cancelled
2025-12-30,ORD52120,P1010,Mechanical Keyboard,CUST3731,980.69,3,Overnight,Pending
2024-05-11,ORD52167,P1001,Smartphone,CUST7862,1798.5,2,Standard,Delivered
09/07/2023,ORD42237,P1002,Laptop,CUST1447,340.77,4,Overnight,Shipped
01-18-2021,ORD97974,P1009,External Hard Drive,CUST7656,1830.67,2,Expedited,Pending
2022-01-22,ORD67098,P1004,Smartwatch,CUST7862,1730.73,4,Expedited,Cancelled
12/20/2021,ORD95521,P1007,4K TV,CUST1897,650.56,2,Standard,Shipped
07/02/2024,ORD97949,P1006,Gaming Console,CUST2381,380.12,1,Overnight,Pending
05-22-2022,ORD96793,P1002,Laptop,CUST3374,557.94,5,Expedited,Shipped
2021-07-04,ORD83222,P1007,4K TV,CUST5043,150.81,1,Overnight,Shipped
07-05-2021,ORD54803,P1003,Tablet,CUST4017,960.74,2,Standard,Delivered
08-15-2022,ORD85490,P1005,Wireless Earbuds,CUST7750,1461.06,5,Standard,Cancelled
05-22-2022,ORD77929,P1004,Smartwatch,CUST6650,217.92,3,Standard,Cancelled
06/20/2022,ORD61177,P1002,Laptop,CUST3365,1319.51,3,Overnight,Delivered
04-09-2021,ORD87291,P1005,Wireless Earbuds,CUST6528,928.12,3,Standard,Delivered
03-12-2022,ORD90041,P1004,Smartwatch,CUST7044,1586.8,2,Overnight,Shipped
12-15-2025,ORD77508,P1009,External Hard Drive,CUST5309,1414.97,5,Standard,Pending
06-22-2020,ORD88656,P1008,Bluetooth Speaker,CUST8971,348.66,4,Standard,Shipped
2024-08-19,ORD70384,P1001,Smartphone,CUST6613,689.26,3,Standard,Shipped
05/02/2022,ORD55748,P1002,Laptop,CUST4484,1289.74,2,Standard,Cancelled
2024-05-07,ORD69464,P1010,Mechanical Keyboard,CUST1959,1432.32,5,Expedited,Cancelled
2022-01-22,ORD80441,P1006,Gaming Console,CUST5830,1782.01,5,Standard,Shipped
2022-10-31,ORD92549,P1001,Smartphone,CUST6498,1224.69,4,Overnight,Shipped
08-19-2021,ORD64998,P1005,Wireless Earbuds,CUST3511,1756.08,3,Overnight,Pending
2021-11-04,ORD53089,P1003,Tablet,CUST1296,1202.77,2,Standard,Delivered
08-01-2024,ORD47733,P1007,4K TV,CUST4804,429.26,2,Overnight,Delivered
11-22-2020,ORD60870,P1006,Gaming Console,CUST1845,898.07,1,Expedited,Shipped
2021-12-28,ORD96348,P1008,Bluetooth Speaker,CUST8201,1982.83,5,Overnight,Delivered
10-06-2020,ORD59762,P1006,Gaming Console,CUST4928,1277.65,4,Overnight,Pending
2020-05-13,ORD84665,P1001,Smartphone,CUST1201,826.24,1,Standard,Shipped
2024-05-20,ORD62257,P1002,Laptop,CUST9720,43.11,2,Overnight,Delivered
06-25-2021,ORD58980,P1001,Smartphone,CUST6094,1461.0,1,Expedited,Cancelled
2024-03-31,ORD33350,P1003,Tablet,CUST4578,1106.82,3,Overnight,Cancelled
12/27/2021,ORD30261,P1004,Smartwatch,CUST5616,671.73,5,Overnight,Shipped
06/30/2022,ORD68160,P1010,Mechanical Keyboard,CUST6384,292.0,2,Expedited,Delivered
12/27/2024,ORD29902,P1008,Bluetooth Speaker,CUST3892,455.16,5,Standard,Shipped
2021-11-18,ORD51373,P1009,External Hard Drive,CUST3139,345.51,1,Standard,Pending
09/21/2025,ORD34249,P1006,Gaming Console,CUST7024,1354.81,3,Standard,Pending
04-26-2021,ORD83898,P1009,External Hard Drive,CUST1548,660.44,1,Expedited,Shipped
12/18/2020,ORD24466,P1008,Bluetooth Speaker,CUST7102,1297.9,5,Expedited,Pending
08/14/2024,ORD67003,P1002,Laptop,CUST3664,1047.99,3,Expedited,Shipped
05/06/2023,ORD66913,P1007,4K TV,CUST1377,1567.4,1,Standard,Cancelled
2024-08-27,ORD95270,P1009,External Hard Drive,CUST2409,1069.81,1,Standard,Shipped
09/27/2024,ORD63145,P1001,Smartphone,CUST6118,1581.44,1,Standard,Delivered
02-07-2020,ORD18804,P1010,Mechanical Keyboard,CUST7852,1249.32,1,Standard,Pending
04/20/2025,ORD20162,P1005,Wireless Earbuds,CUST2293,1417.08,1,Standard,Delivered
10/15/2022,ORD17996,P1001,Smartphone,CUST3037,1254.8,4,Standard,Delivered
03-21-2023,ORD41464,P1002,Laptop,CUST1201,589.51,2,Standard,Cancelled
2024-07-23,ORD85459,P1007,4K TV,CUST7850,827.76,2,Overnight,Delivered
2025-04-04,ORD42384,P1007,4K TV,CUST7128,1993.33,4,Standard,Delivered
11-22-2022,ORD58849,P1003,Tablet,CUST6384,815.75,2,Expedited,Cancelled
10/09/2025,ORD18204,P1006,Gaming Console,CUST6891,934.89,3,Expedited,Cancelled
2020-02-10,ORD17399,P1006,Gaming Console,CUST5034,280.21,3,Overnight,Shipped
01-21-2024,ORD14003,P1007,4K TV,CUST8880,376.98,5,Standard,Cancelled
04/20/2022,ORD12880,P1009,External Hard Drive,CUST7418,1886.57,4,Expedited,Delivered
05-28-2024,ORD89461,P1008,Bluetooth Speaker,CUST1548,458.8,4,Standard,Cancelled
03/29/2022,ORD39784,P1002,Laptop,CUST2667,395.42,1,Standard,Cancelled
06/07/2024,ORD87848,P1002,Laptop,CUST4760,1041.3,2,Expedited,Shipped
10/26/2024,ORD66107,P1008,Bluetooth Speaker,CUST1793,1807.63,3,Standard,Delivered
10/08/2022,ORD35361,P1002,Laptop,CUST1447,695.54,1,Overnight,Cancelled
2024-09-08,ORD25258,P1006,Gaming Console,CUST9720,1143.28,4,Expedited,Cancelled
2024-02-01,ORD29304,P1007,4K TV,CUST5217,1905.01,4,Overnight,Cancelled
07/03/2025,ORD41324,P1005,Wireless Earbuds,CUST7348,1779.21,2,Overnight,Cancelled
03-09-2020,ORD66937,P1005,Wireless Earbuds,CUST4283,751.63,3,Expedited,Cancelled
07/28/2024,ORD42633,P1004,Smartwatch,CUST4410,74.34,4,Overnight,Cancelled
2025-04-21,ORD61435,P1004,Smartwatch,CUST6855,1685.05,5,Standard,Delivered
09/16/2021,ORD63659,P1005,Wireless Earbuds,CUST2547,1222.44,4,Overnight,Delivered
2024-03-22,ORD88352,P1009,External Hard Drive,CUST3343,590.74,1,Expedited,Delivered
2025-03-13,ORD18272,P1007,4K TV,CUST3923,192.69,5,Expedited,Shipped
02/01/2022,ORD41046,P1010,Mechanical Keyboard,CUST4853,932.25,4,Expedited,Pending
08-28-2021,ORD79077,P1001,Smartphone,CUST8971,1622.0,3,Overnight,Shipped
2022-10-23,ORD28964,P1002,Laptop,CUST9768,1450.75,5,Overnight,Cancelled
2020-05-08,ORD74792,P1008,Bluetooth Speaker,CUST4522,1624.81,3,Expedited,Shipped
2021-06-12,ORD63099,P1008,Bluetooth Speaker,CUST5307,1090.07,5,Expedited,Delivered
2025-01-08,ORD46595,P1008,Bluetooth Speaker,CUST4610,477.03,4,Overnight,Pending
2025-05-01,ORD13976,P1001,Smartphone,CUST4886,77.67,3,Expedited,Delivered
09/04/2025,ORD74512,P1006,Gaming Console,CUST7862,1954.92,1,Overnight,Delivered
2023-05-09,ORD49957,P1007,4K TV,CUST7351,343.36,3,Standard,Shipped
03-17-2023,ORD56795,P1008,Bluetooth Speaker,CUST3056,1990.18,5,Overnight,Cancelled
2022-07-09,ORD17794,P1009,External Hard Drive,CUST2833,796.83,1,Expedited,Cancelled
2025-02-08,ORD96122,P1010,Mechanical Keyboard,CUST1519,1260.87,5,Expedited,Pending
2023-02-01,ORD64519,P1003,Tablet,CUST2927,841.19,2,Expedited,Shipped
05-11-2025,ORD31232,P1003,Tablet,CUST4750,946.97,2,Expedited,Delivered
2020-08-01,ORD76431,P1004,Smartwatch,CUST2987,1816.74,1,Expedited,Cancelled
08/27/2022,ORD27260,P1002,Laptop,CUST8323,1702.75,2,Standard,Shipped
06-11-2023,ORD98972,P1002,Laptop,CUST5424,886.03,5,Standard,Cancelled
02-09-2024,ORD67083,P1006,Gaming Console,CUST6752,1014.06,5,Standard,Delivered
06/23/2020,ORD36294,P1010,Mechanical Keyboard,CUST7476,1716.17,4,Standard,Shipped
03/31/2020,ORD13470,P1004,Smartwatch,CUST1745,50.9,4,Overnight,Cancelled
07-08-2024,ORD98910,P1002,Laptop,CUST8741,979.01,5,Overnight,Cancelled
2023-04-01,ORD45561,P1007,4K TV,CUST4907,1827.55,2,Expedited,Shipped
05/21/2023,ORD75269,P1007,4K TV,CUST5823,368.34,3,Standard,Shipped
05-25-2022,ORD15161,P1001,Smartphone,CUST6600,1958.33,4,Overnight,Shipped
12/05/2025,ORD13156,P1007,4K TV,CUST2339,1979.63,4,Standard,Shipped
2022-07-08,ORD26079,P1003,Tablet,CUST2383,1956.24,1,Overnight,Cancelled
01/12/2022,ORD95320,P1008,Bluetooth Speaker,CUST5017,1759.93,3,Overnight,Pending
11-25-2022,ORD57597,P1002,Laptop,CUST7750,1225.53,1,Expedited,Pending
2022-01-06,ORD10965,P1001,Smartphone,CUST5833,1628.46,3,Expedited,Shipped
06-21-2020,ORD78325,P1004,Smartwatch,CUST7758,1045.91,5,Overnight,Cancelled
2025-11-30,ORD47699,P1006,Gaming Console,CUST2091,1785.27,3,Standard,Shipped
2023-03-16,ORD42159,P1008,Bluetooth Speaker,CUST7333,647.58,1,Overnight,Cancelled
09/03/2024,ORD12412,P1006,Gaming Console,CUST4574,1086.56,5,Overnight,Cancelled
11-18-2025,ORD52581,P1003,Tablet,CUST2163,329.69,3,Standard,Shipped
2021-10-18,ORD35178,P1006,Gaming Console,CUST9868,652.16,2,Expedited,Cancelled
07/18/2024,ORD14337,P1009,External Hard Drive,CUST3723,1679.54,3,Overnight,Pending
2025-02-04,ORD58282,P1003,Tablet,CUST9214,1599.86,1,Overnight,Delivered
02/12/2022,ORD53865,P1002,Laptop,CUST8060,1057.22,3,Standard,Delivered
2025-10-04,ORD11677,P1006,Gaming Console,CUST3428,1208.47,4,Standard,Cancelled
07/02/2021,ORD53320,P1002,Laptop,CUST2924,512.4,1,Standard,Shipped
2022-06-17,ORD37756,P1003,Tablet,CUST5756,1034.75,3,Expedited,Delivered
09-13-2024,ORD39136,P1005,Wireless Earbuds,CUST3558,1655.63,3,Standard,Shipped
05-26-2022,ORD37090,P1003,Tablet,CUST2163,1885.37,3,Expedited,Pending
2024-04-14,ORD46887,P1006,Gaming Console,CUST5985,394.14,3,Expedited,Delivered
2023-07-15,ORD23812,P1001,Smartphone,CUST2434,38.05,2,Expedited,Cancelled
02/23/2024,ORD69182,P1007,4K TV,CUST3261,1881.65,1,Expedited,Delivered
2022-01-22,ORD39951,P1005,Wireless Earbuds,CUST1166,77.57,3,Expedited,Delivered
2022-11-28,ORD99606,P1007,4K TV,CUST9768,784.83,3,Expedited,Pending
2025-03-29,ORD79861,P1007,4K TV,CUST3187,1512.27,2,Standard,Delivered
09-29-2025,ORD51656,P1003,Tablet,CUST9391,1830.96,2,Standard,Pending
01-30-2025,ORD22365,P1005,Wireless Earbuds,CUST5424,779.39,2,Standard,Delivered
02/01/2025,ORD98694,P1006,Gaming Console,CUST3971,666.41,4,Expedited,Delivered
05-29-2025,ORD88341,P1002,Laptop,CUST3511,1595.63,5,Overnight,Delivered
2024-11-21,ORD71673,P1005,Wireless Earbuds,CUST6071,1699.31,3,Standard,Cancelled
06/05/2020,ORD25738,P1010,Mechanical Keyboard,CUST2454,497.47,2,Overnight,Pending
12-24-2020,ORD20765,P1001,Smartphone,CUST2434,54.53,3,Overnight,Delivered
01/26/2021,ORD35608,P1006,Gaming Console,CUST8636,1915.8,3,Expedited,Delivered
07-30-2023,ORD78875,P1006,Gaming Console,CUST6740,88.09,3,Overnight,Cancelled
04-20-2021,ORD14401,P1002,Laptop,CUST8245,491.77,5,Overnight,Delivered
2023-06-13,ORD93729,P1010,Mechanical Keyboard,CUST5641,1469.54,2,Standard,Pending
2024-11-24,ORD60677,P1002,Laptop,CUST4928,1283.36,5,Expedited,Cancelled
2024-12-15,ORD57781,P1002,Laptop,CUST1296,1539.4,2,Standard,Delivered
09-02-2023,ORD69576,P1001,Smartphone,CUST2008,1909.9,4,Standard,Delivered
07/09/2021,ORD12084,P1005,Wireless Earbuds,CUST6772,328.27,1,Expedited,Pending
09/08/2024,ORD84872,P1008,Bluetooth Speaker,CUST4886,852.8,4,Standard,Pending
11/14/2025,ORD83484,P1007,4K TV,CUST3297,435.36,4,Standard,Delivered
2024-05-29,ORD45598,P1009,External Hard Drive,CUST7758,1473.48,5,Expedited,Pending
01/03/2022,ORD25501,P1005,Wireless Earbuds,CUST6118,147.16,3,Standard,Delivered
01-13-2024,ORD73582,P1004,Smartwatch,CUST5724,1333.13,5,Standard,Shipped
2024-08-22,ORD17111,P1009,External Hard Drive,CUST6772,1477.08,5,Expedited,Delivered
08-05-2021,ORD57357,P1001,Smartphone,CUST7656,1528.29,3,Overnight,Pending
2020-10-05,ORD65784,P1003,Tablet,CUST7281,402.05,5,Overnight,Shipped
12/07/2025,ORD82384,P1002,Laptop,CUST6038,1602.0,3,Standard,Delivered
2023-03-15,ORD68133,P1001,Smartphone,CUST7044,99.74,1,Overnight,Pending
12-15-2025,ORD39703,P1003,Tablet,CUST6071,790.86,1,Standard,Cancelled
2023-12-13,ORD18467,P1002,Laptop,CUST2609,356.28,1,Expedited,Pending
03/04/2023,ORD99442,P1004,Smartwatch,CUST3056,1108.54,1,Expedited,Pending
01/27/2024,ORD47917,P1001,Smartphone,CUST5755,686.42,3,Expedited,Cancelled
2020-04-25,ORD99141,P1009,External Hard Drive,CUST5620,1963.55,4,Expedited,Cancelled
10-02-2023,ORD44217,P1007,4K TV,CUST1602,1212.44,5,Standard,Shipped
04/04/2020,ORD81757,P1007,4K TV,CUST6891,844.41,3,Expedited,Delivered
2023-05-19,ORD55908,P1005,Wireless Earbuds,CUST6818,49.43,2,Standard,Pending
06/16/2024,ORD96334,P1009,External Hard Drive,CUST3261,444.45,4,Overnight,Shipped
2021-05-09,ORD87425,P1002,Laptop,CUST6688,1670.92,2,Standard,Pending
08-03-2021,ORD70063,P1009,External Hard Drive,CUST3526,1455.67,1,Overnight,Delivered
2022-10-05,ORD95109,P1005,Wireless Earbuds,CUST6835,1842.65,2,Expedited,Shipped
10-01-2023,ORD19294,P1003,Tablet,CUST7128,1343.21,2,Overnight,Delivered
2024-06-10,ORD67325,P1007,4K TV,CUST4485,49.85,5,Overnight,Cancelled
03/30/2022,ORD48494,P1010,Mechanical Keyboard,CUST3100,197.57,1,Expedited,Shipped
2021-02-27,ORD37703,P1001,Smartphone,CUST6385,463.47,3,Standard,Pending
06-01-2021,ORD16486,P1005,Wireless Earbuds,CUST4552,29.26,5,Expedited,Delivered
01-09-2021,ORD29907,P1008,Bluetooth Speaker,CUST4804,1274.05,3,Standard,Shipped
03-10-2023,ORD74531,P1002,Laptop,CUST2347,1200.24,4,Expedited,Shipped
05/05/2021,ORD53199,P1009,External Hard Drive,CUST5999,98.27,3,Standard,Shipped
10-14-2025,ORD96411,P1005,Wireless Earbuds,CUST1269,745.46,4,Overnight,Cancelled
03/21/2022,ORD49955,P1005,Wireless Earbuds,CUST5045,1619.39,3,Expedited,Pending
02-16-2020,ORD93608,P1002,Laptop,CUST4886,81.17,1,Overnight,Cancelled
03-15-2025,ORD47066,P1006,Gaming Console,CUST7456,781.06,3,Standard,Cancelled
2021-04-03,ORD26064,P1006,Gaming Console,CUST3553,837.47,3,Standard,Delivered
09/24/2024,ORD62273,P1001,Smartphone,CUST2340,1120.59,2,Expedited,Shipped
09-09-2023,ORD75101,P1004,Smartwatch,CUST9593,415.36,2,Expedited,Delivered
2020-02-19,ORD92240,P1006,Gaming Console,CUST5999,1739.12,4,Standard,Pending
03/29/2020,ORD12609,P1007,4K TV,CUST5754,1696.5,5,Standard,Delivered
06-06-2024,ORD26539,P1005,Wireless Earbuds,CUST7253,397.57,2,Expedited,Delivered
08-01-2021,ORD93995,P1008,Bluetooth Speaker,CUST6174,1468.34,3,Expedited,Pending
03/25/2022,ORD72437,P1005,Wireless Earbuds,CUST4900,339.29,2,Standard,Pending
06/10/2022,ORD41271,P1009,External Hard Drive,CUST5549,1294.95,2,Overnight,Delivered
2021-11-05,ORD12442,P1010,Mechanical Keyboard,CUST5724,1955.51,4,Expedited,Cancelled
09/23/2025,ORD41412,P1007,4K TV,CUST5727,971.64,1,Expedited,Pending
09/13/2024,ORD70346,P1005,Wireless Earbuds,CUST7548,835.0,4,Overnight,Delivered
09-17-2025,ORD21811,P1005,Wireless Earbuds,CUST7333,1302.51,4,Expedited,Cancelled
2020-10-25,ORD70610,P1008,Bluetooth Speaker,CUST9225,846.28,1,Standard,Pending
06/20/2022,ORD49105,P1009,External Hard Drive,CUST4565,699.74,3,Standard,Pending
01/19/2021,ORD36712,P1007,4K TV,CUST6933,253.28,3,Overnight,Pending
04/08/2022,ORD47670,P1002,Laptop,CUST4750,559.58,3,Expedited,Pending
04-07-2021,ORD99774,P1010,Mechanical Keyboard,CUST7850,1873.34,2,Overnight,Shipped
11/08/2023,ORD90434,P1003,Tablet,CUST7667,1651.49,2,Overnight,Pending
10/03/2023,ORD84282,P1007,4K TV,CUST2609,1024.44,4,Overnight,Cancelled
09-07-2024,ORD54642,P1006,Gaming Console,CUST1759,1924.93,4,Standard,Shipped
2020-08-19,ORD43119,P1007,4K TV,CUST7168,537.53,1,Expedited,Pending
2020-12-06,ORD78374,P1001,Smartphone,CUST5076,536.56,2,Standard,Delivered
2024-06-15,ORD57136,P1002,Laptop,CUST7659,1467.1,3,Standard,Pending
01-01-2020,ORD73223,P1006,Gaming Console,CUST2163,1506.43,2,Expedited,Shipped
05-31-2023,ORD33822,P1009,External Hard Drive,CUST8220,324.16,5,Overnight,Cancelled
12/29/2022,ORD89789,P1001,Smartphone,CUST7987,1508.73,4,Overnight,Shipped
2022-05-20,ORD53751,P1002,Laptop,CUST5549,1601.08,3,Expedited,Delivered
05-27-2022,ORD17666,P1008,Bluetooth Speaker,CUST7418,1702.48,4,Overnight,Cancelled
11/30/2023,ORD13539,P1006,Gaming Console,CUST2454,623.87,5,Standard,Shipped
09/16/2020,ORD39055,P1009,External Hard Drive,CUST1564,102.13,1,Standard,Cancelled
2020-11-15,ORD34680,P1007,4K TV,CUST2850,236.43,2,Standard,Pending
02-13-2024,ORD54438,P1006,Gaming Console,CUST3103,669.74,1,Expedited,Pending
2021-02-17,ORD90409,P1006,Gaming Console,CUST5092,1242.05,5,Standard,Pending
12-05-2024,ORD78528,P1001,Smartphone,CUST8257,1707.77,1,Expedited,Cancelled
05/27/2021,ORD27219,P1004,Smartwatch,CUST6929,1807.73,5,Expedited,Delivered
03-13-2024,ORD51289,P1008,Bluetooth Speaker,CUST8880,655.16,2,Standard,Cancelled
2020-05-11,ORD80930,P1009,External Hard Drive,CUST8985,1164.91,4,Overnight,Cancelled
09-09-2022,ORD10261,P1009,External Hard Drive,CUST5608,474.31,1,Overnight,Delivered
2020-03-20,ORD52638,P1005,Wireless Earbuds,CUST2156,1890.14,1,Overnight,Delivered
04-14-2024,ORD37979,P1008,Bluetooth Speaker,CUST5755,908.07,3,Expedited,Delivered
08/01/2023,ORD91286,P1001,Smartphone,CUST3315,1333.63,2,Expedited,Delivered
03/25/2024,ORD26624,P1001,Smartphone,CUST4731,53.27,2,Standard,Pending
12/20/2022,ORD93637,P1004,Smartwatch,CUST2097,471.7,5,Standard,Delivered
04/19/2022,ORD39131,P1004,Smartwatch,CUST9602,897.48,2,Standard,Shipped
05/07/2023,ORD46792,P1010,Mechanical Keyboard,CUST6911,1942.63,5,Standard,Pending
2023-10-27,ORD84575,P1007,4K TV,CUST2757,471.09,2,Overnight,Pending
2024-06-14,ORD83458,P1004,Smartwatch,CUST7681,879.3,2,Expedited,Cancelled
10-19-2020,ORD80026,P1003,Tablet,CUST4977,1724.4,4,Overnight,Shipped
06-22-2022,ORD25575,P1001,Smartphone,CUST5608,1859.2,4,Overnight,Cancelled
11/01/2024,ORD91317,P1006,Gaming Console,CUST8134,1829.71,5,Overnight,Pending
2025-07-19,ORD80426,P1002,Laptop,CUST1020,1072.46,1,Overnight,Pending
01-15-2025,ORD48372,P1003,Tablet,CUST4795,836.34,1,Expedited,Delivered
01/12/2021,ORD67495,P1009,External Hard Drive,CUST8880,1738.86,3,Overnight,Pending
2024-12-26,ORD47442,P1009,External Hard Drive,CUST4701,1537.5,2,Standard,Pending
02-16-2023,ORD50439,P1009,External Hard Drive,CUST2881,513.8,1,Expedited,Shipped
2022-10-10,ORD78557,P1003,Tablet,CUST6117,824.74,3,Standard,Delivered
05-24-2022,ORD21917,P1001,Smartphone,CUST3378,1812.12,4,Standard,Pending
12-21-2025,ORD66867,P1006,Gaming Console,CUST1169,1015.49,2,Overnight,Pending
12/13/2020,ORD62170,P1009,External Hard Drive,CUST8802,1118.5,4,Expedited,Delivered
2025-01-28,ORD10936,P1007,4K TV,CUST4267,1739.79,4,Overnight,Shipped
03/11/2025,ORD48663,P1005,Wireless Earbuds,CUST7472,266.92,1,Expedited,Pending
2024-04-02,ORD48690,P1003,Tablet,CUST6118,1754.1,4,Expedited,Delivered
2020-04-05,ORD38532,P1003,Tablet,CUST2584,1141.06,1,Standard,Shipped
2021-06-26,ORD74091,P1003,Tablet,CUST5032,1557.87,5,Expedited,Shipped
2021-02-12,ORD70803,P1003,Tablet,CUST8257,248.19,1,Overnight,Shipped
05-16-2021,ORD86206,P1010,Mechanical Keyboard,CUST8260,1367.04,2,Overnight,Cancelled
09-05-2025,ORD34300,P1002,Laptop,CUST6436,1014.89,3,Expedited,Delivered
2022-06-22,ORD75630,P1006,Gaming Console,CUST2828,616.79,1,Overnight,Shipped
01-29-2022,ORD76767,P1007,4K TV,CUST6118,1103.83,4,Standard,Shipped
08/15/2023,ORD61610,P1009,External Hard Drive,CUST8327,1678.58,3,Expedited,Pending
09-25-2023,ORD17611,P1008,Bluetooth Speaker,CUST6754,1683.79,3,Expedited,Pending
03-30-2023,ORD45448,P1005,Wireless Earbuds,CUST8257,206.67,1,Standard,Shipped
2023-06-08,ORD10706,P1010,Mechanical Keyboard,CUST1269,434.58,5,Overnight,Cancelled
03-11-2024,ORD78025,P1003,Tablet,CUST6261,1085.41,3,Expedited,Delivered
02-22-2025,ORD47810,P1010,Mechanical Keyboard,CUST3723,1615.13,5,Expedited,Cancelled
04/01/2022,ORD29041,P1005,Wireless Earbuds,CUST2322,1934.84,4,Standard,Shipped
2025-05-14,ORD87244,P1005,Wireless Earbuds,CUST7476,1113.61,5,Expedited,Shipped
2025-07-18,ORD11399,P1009,External Hard Drive,CUST2285,598.11,5,Standard,Pending
04-09-2025,ORD77886,P1009,External Hard Drive,CUST7659,1482.19,4,Standard,Shipped
12-15-2021,ORD17921,P1008,Bluetooth Speaker,CUST1564,1183.35,1,Expedited,Pending
02-14-2024,ORD60524,P1002,Laptop,CUST5415,1603.11,2,Overnight,Delivered
02/06/2024,ORD96767,P1009,External Hard Drive,CUST3896,187.34,4,Overnight,Pending
12/22/2020,ORD21359,P1003,Tablet,CUST5608,916.14,1,Standard,Delivered
10/17/2025,ORD30176,P1002,Laptop,CUST7654,1090.57,4,Overnight,Delivered
2022-07-28,ORD99159,P1007,4K TV,CUST7967,998.58,3,Expedited,Delivered
2024-12-13,ORD28289,P1008,Bluetooth Speaker,CUST2998,1106.77,4,Overnight,Shipped
2021-07-12,ORD20244,P1003,Tablet,CUST9685,1894.19,4,Standard,Pending
2021-10-22,ORD46109,P1004,Smartwatch,CUST8327,1960.82,1,Overnight,Cancelled
09-12-2022,ORD55927,P1002,Laptop,CUST1504,315.17,4,Standard,Delivered
2021-06-04,ORD25659,P1007,4K TV,CUST3139,579.64,3,Standard,Shipped
05/09/2023,ORD86869,P1006,Gaming Console,CUST3339,1646.09,4,Expedited,Delivered
2023-02-08,ORD79197,P1003,Tablet,CUST1264,330.8,3,Standard,Shipped
12-29-2024,ORD81464,P1005,Wireless Earbuds,CUST6207,1259.03,1,Standard,Cancelled
2025-07-05,ORD96721,P1004,Smartwatch,CUST4802,914.16,4,Expedited,Cancelled
2024-05-07,ORD66667,P1004,Smartwatch,CUST3723,477.93,3,Expedited,Pending
04-14-2021,ORD25245,P1010,Mechanical Keyboard,CUST6094,112.0,1,Overnight,Shipped
05-21-2022,ORD11658,P1002,Laptop,CUST5040,1183.85,4,Expedited,Pending
06-05-2022,ORD79808,P1001,Smartphone,CUST6278,1394.24,3,Expedited,Cancelled
02-04-2020,ORD23638,P1007,4K TV,CUST4565,1542.36,4,Expedited,Pending
12-02-2022,ORD67716,P1005,Wireless Earbuds,CUST9078,588.23,2,Expedited,Pending
08-09-2022,ORD34571,P1002,Laptop,CUST2091,389.8,4,Overnight,Cancelled
02-27-2021,ORD38846,P1004,Smartwatch,CUST8000,1869.49,5,Expedited,Delivered
11/20/2020,ORD68119,P1008,Bluetooth Speaker,CUST6911,794.85,1,Expedited,Cancelled
10/19/2023,ORD84059,P1005,Wireless Earbuds,CUST4003,1382.14,2,Expedited,Shipped
12-27-2021,ORD87694,P1005,Wireless Earbuds,CUST5823,367.58,1,Overnight,Cancelled
02/03/2021,ORD87897,P1004,Smartwatch,CUST3275,898.02,2,Expedited,Cancelled
2023-02-16,ORD57929,P1010,Mechanical Keyboard,CUST4287,326.29,4,Expedited,Delivered
05-31-2023,ORD62649,P1006,Gaming Console,CUST4630,975.55,1,Overnight,Shipped
2020-11-28,ORD25340,P1004,Smartwatch,CUST8802,1543.23,2,Standard,Cancelled
2022-06-06,ORD13413,P1007,4K TV,CUST8749,1664.98,2,Standard,Delivered
01-21-2021,ORD28690,P1003,Tablet,CUST5802,1115.46,5,Expedited,Shipped
04/28/2020,ORD43248,P1001,Smartphone,CUST7681,38.77,5,Expedited,Cancelled
06-04-2024,ORD63963,P1003,Tablet,CUST2354,1217.93,1,Overnight,Pending
12-11-2024,ORD38678,P1002,Laptop,CUST1871,1920.2,3,Expedited,Delivered
2024-12-23,ORD15005,P1007,4K TV,CUST4646,330.59,4,Standard,Cancelled
06/16/2020,ORD65115,P1008,Bluetooth Speaker,CUST5034,1502.72,3,Overnight,Shipped
02/15/2021,ORD80978,P1005,Wireless Earbuds,CUST7128,245.94,1,Expedited,Pending
06/29/2020,ORD19394,P1006,Gaming Console,CUST6007,762.03,5,Overnight,Delivered
08-04-2023,ORD25303,P1002,Laptop,CUST2850,1481.69,1,Expedited,Pending
10/18/2025,ORD82004,P1007,4K TV,CUST8741,337.68,1,Overnight,Delivered
2023-06-30,ORD51396,P1004,Smartwatch,CUST5448,1034.54,1,Overnight,Shipped
2023-04-25,ORD75126,P1006,Gaming Console,CUST7632,1266.77,5,Expedited,Shipped
08-15-2021,ORD90504,P1004,Smartwatch,CUST3378,590.0,2,Expedited,Pending
03/07/2021,ORD67281,P1005,Wireless Earbuds,CUST7880,509.37,4,Overnight,Pending
2023-02-03,ORD15765,P1006,Gaming Console,CUST8412,21.23,1,Expedited,Delivered
05/02/2024,ORD68336,P1001,Smartphone,CUST7990,163.05,3,Expedited,Delivered
12-29-2020,ORD61509,P1006,Gaming Console,CUST7968,1690.04,2,Standard,Pending
09-08-2023,ORD43069,P1001,Smartphone,CUST8540,31.91,1,Expedited,Pending
10/31/2024,ORD99977,P1002,Laptop,CUST1388,634.09,3,Expedited,Cancelled
06-17-2024,ORD52032,P1008,Bluetooth Speaker,CUST4570,1932.96,3,Overnight,Cancelled
03/03/2023,ORD88831,P1004,Smartwatch,CUST8134,1303.12,3,Expedited,Shipped
07/10/2025,ORD70631,P1009,External Hard Drive,CUST1840,607.2,1,Overnight,Pending
2025-09-03,ORD91080,P1005,Wireless Earbuds,CUST8267,493.7,2,Overnight,Cancelled
2024-01-26,ORD59467,P1008,Bluetooth Speaker,CUST2231,150.05,3,Standard,Cancelled
2020-11-24,ORD26244,P1003,Tablet,CUST9454,1007.23,1,Overnight,Delivered
2022-07-14,ORD99592,P1009,External Hard Drive,CUST3298,156.66,5,Expedited,Cancelled
2020-12-08,ORD11698,P1010,Mechanical Keyboard,CUST5092,1223.8,1,Standard,Cancelled
09-30-2021,ORD87995,P1007,4K TV,CUST1840,924.66,1,Expedited,Delivered
2022-06-17,ORD69053,P1003,Tablet,CUST1880,1102.84,4,Overnight,Cancelled
12-15-2022,ORD54373,P1003,Tablet,CUST7862,1857.16,4,Overnight,Shipped
2021-04-26,ORD58852,P1008,Bluetooth Speaker,CUST4795,656.76,4,Expedited,Pending
2022-01-28,ORD96483,P1009,External Hard Drive,CUST6312,1444.46,2,Overnight,Pending
2022-04-12,ORD94816,P1003,Tablet,CUST8741,589.25,3,Standard,Cancelled
08-16-2023,ORD49083,P1009,External Hard Drive,CUST7168,1798.47,1,Expedited,Delivered
10-13-2025,ORD56091,P1005,Wireless Earbuds,CUST4017,1177.76,1,Standard,Pending
11-06-2021,ORD54562,P1004,Smartwatch,CUST5043,805.76,5,Expedited,Pending
2021-05-09,ORD87454,P1008,Bluetooth Speaker,CUST1264,83.14,1,Standard,Cancelled
09-05-2023,ORD22408,P1008,Bluetooth Speaker,CUST5379,1752.81,4,Overnight,Pending
05-27-2024,ORD60499,P1004,Smartwatch,CUST2927,1225.8,1,Standard,Delivered
01-19-2021,ORD85425,P1007,4K TV,CUST8876,1972.6,5,Overnight,Delivered
05/07/2020,ORD77895,P1001,Smartphone,CUST1845,1792.06,2,Standard,Shipped
2024-04-01,ORD11277,P1006,Gaming Console,CUST1371,291.24,1,Standard,Cancelled
2025-12-16,ORD60355,P1003,Tablet,CUST4760,1856.48,2,Expedited,Delivered
02-13-2020,ORD89981,P1005,Wireless Earbuds,CUST5167,219.51,1,Expedited,Shipped
2023-10-07,ORD41049,P1006,Gaming Console,CUST1897,1453.06,2,Overnight,Cancelled
05/02/2023,ORD13189,P1003,Tablet,CUST7575,184.74,5,Expedited,Pending
01-26-2024,ORD11849,P1004,Smartwatch,CUST4470,1319.12,5,Standard,Pending
07/09/2025,ORD56515,P1003,Tablet,CUST7253,749.99,4,Expedited,Delivered
02/07/2024,ORD99769,P1008,Bluetooth Speaker,CUST2667,1129.06,2,Standard,Delivered
06/10/2020,ORD98693,P1001,Smartphone,CUST6150,55.41,3,Standard,Cancelled
2025-09-11,ORD47705,P1004,Smartwatch,CUST3374,1804.62,3,Expedited,Delivered
01/22/2023,ORD51066,P1005,Wireless Earbuds,CUST4802,1256.89,2,Expedited,Pending
2022-10-01,ORD18740,P1009,External Hard Drive,CUST5724,321.31,4,Expedited,Shipped
08/02/2021,ORD55685,P1007,4K TV,CUST2343,568.07,5,Overnight,Pending
2025-02-21,ORD40410,P1009,External Hard Drive,CUST1793,932.83,4,Overnight,Shipped
04-10-2020,ORD45920,P1006,Gaming Console,CUST1745,408.23,3,Overnight,Shipped
06/15/2023,ORD43947,P1009,External Hard Drive,CUST2667,1942.68,2,Standard,Pending
11-17-2024,ORD99434,P1010,Mechanical Keyboard,CUST3339,1048.3,3,Expedited,Pending
07/07/2020,ORD55651,P1009,External Hard Drive,CUST5727,1824.65,5,Overnight,Pending
12-21-2021,ORD96848,P1008,Bluetooth Speaker,CUST8060,1065.94,2,Standard,Shipped
05-30-2024,ORD42162,P1006,Gaming Console,CUST3365,84.5,3,Standard,Shipped
08/23/2023,ORD75617,P1005,Wireless Earbuds,CUST6650,454.02,2,Expedited,Delivered
10/21/2025,ORD38994,P1004,Smartwatch,CUST2927,561.74,5,Expedited,Cancelled
07/10/2025,ORD66738,P1004,Smartwatch,CUST5749,1158.14,3,Standard,Shipped
04/04/2024,ORD43489,P1005,Wireless Earbuds,CUST5657,628.53,1,Standard,Delivered
02-24-2023,ORD15577,P1005,Wireless Earbuds,CUST6436,179.0,3,Expedited,Cancelled
10-12-2025,ORD13338,P1001,Smartphone,CUST3971,1009.22,1,Standard,Pending
02/18/2023,ORD48039,P1005,Wireless Earbuds,CUST8960,575.82,3,Standard,Delivered
01/27/2023,ORD96452,P1006,Gaming Console,CUST2547,823.84,2,Standard,Delivered
06/12/2023,ORD54581,P1001,Smartphone,CUST6930,906.03,3,Standard,Delivered
2023-11-19,ORD39092,P1006,Gaming Console,CUST7023,1760.46,3,Expedited,Delivered
2020-01-02,ORD22574,P1001,Smartphone,CUST7714,682.18,5,Expedited,Shipped
05-17-2025,ORD95482,P1004,Smartwatch,CUST3006,500.63,1,Overnight,Delivered
2023-07-11,ORD14439,P1002,Laptop,CUST7862,1599.27,3,Overnight,Shipped
2022-03-23,ORD72887,P1003,Tablet,CUST4630,457.52,5,Standard,Delivered
12/22/2023,ORD20130,P1010,Mechanical Keyboard,CUST6877,1821.57,3,Overnight,Pending
2025-08-30,ORD39415,P1001,Smartphone,CUST8233,65.37,1,Standard,Shipped
2024-11-20,ORD34511,P1007,4K TV,CUST4056,1261.1,1,Overnight,Pending
2024-07-21,ORD70510,P1007,4K TV,CUST3607,1214.94,4,Standard,Delivered
04/07/2020,ORD95426,P1007,4K TV,CUST9751,1373.77,3,Standard,Shipped
01/23/2025,ORD22460,P1004,Smartwatch,CUST7940,1394.68,3,Expedited,Pending
2025-04-13,ORD26837,P1001,Smartphone,CUST5424,1675.71,3,Standard,Pending
12-26-2024,ORD76296,P1010,Mechanical Keyboard,CUST6772,1013.47,2,Expedited,Cancelled
04-29-2021,ORD47452,P1009,External Hard Drive,CUST7659,1115.18,4,Expedited,Cancelled
02/27/2025,ORD63629,P1002,Laptop,CUST8741,1845.41,1,Standard,Shipped
05-16-2021,ORD17192,P1010,Mechanical Keyboard,CUST1880,1359.56,2,Expedited,Delivered
12/23/2022,ORD55033,P1003,Tablet,CUST3693,1184.26,1,Overnight,Delivered
09/18/2022,ORD93304,P1010,Mechanical Keyboard,CUST2454,1862.12,4,Overnight,Cancelled
04-20-2023,ORD62168,P1001,Smartphone,CUST9078,986.91,5,Standard,Cancelled
06-08-2021,ORD11224,P1004,Smartwatch,CUST2794,772.37,1,Overnight,Delivered
2024-09-27,ORD50551,P1006,Gaming Console,CUST7348,539.96,4,Overnight,Pending
05-14-2020,ORD84161,P1002,Laptop,CUST6930,678.56,5,Overnight,Delivered
2024-03-04,ORD45515,P1005,Wireless Earbuds,CUST6385,1962.44,3,Standard,Delivered
2025-01-22,ORD16047,P1003,Tablet,CUST9240,153.87,5,Standard,Shipped
2021-11-14,ORD42973,P1007,4K TV,CUST8134,618.85,5,Standard,Cancelled
2023-11-25,ORD69888,P1006,Gaming Console,CUST6278,235.05,2,Standard,Delivered
01/24/2022,ORD24926,P1006,Gaming Console,CUST1602,1122.68,5,Overnight,Pending
02-28-2024,ORD70947,P1005,Wireless Earbuds,CUST2512,1652.2,2,Standard,Cancelled
2025-12-26,ORD33370,P1003,Tablet,CUST4760,1065.29,4,Overnight,Cancelled
02/24/2024,ORD37605,P1005,Wireless Earbuds,CUST4630,1699.5,1,Overnight,Delivered
02-14-2024,ORD80524,P1005,Wireless Earbuds,CUST3804,265.28,1,Standard,Shipped
06/08/2024,ORD37031,P1004,Smartwatch,CUST4750,754.18,2,Overnight,Delivered
01/11/2025,ORD95789,P1006,Gaming Console,CUST6026,1149.59,1,Standard,Delivered
01/27/2021,ORD38283,P1010,Mechanical Keyboard,CUST9685,1469.35,4,Overnight,Cancelled
2024-02-19,ORD39113,P1004,Smartwatch,CUST2690,1188.64,2,Standard,Cancelled
2021-08-14,ORD65194,P1002,Laptop,CUST2347,1390.66,1,Standard,Delivered
06/18/2023,ORD97436,P1005,Wireless Earbuds,CUST6891,1997.39,1,Expedited,Shipped
10-30-2025,ORD99724,P1006,Gaming Console,CUST2794,1027.51,3,Expedited,Shipped
2024-11-11,ORD75241,P1006,Gaming Console,CUST9887,1470.43,5,Overnight,Shipped
12-12-2022,ORD98293,P1008,Bluetooth Speaker,CUST1169,144.68,4,Overnight,Pending
2023-02-22,ORD72941,P1009,External Hard Drive,CUST2097,371.81,2,Standard,Shipped
2022-09-15,ORD13711,P1010,Mechanical Keyboard,CUST9047,309.84,1,Expedited,Shipped
05-17-2025,ORD91571,P1005,Wireless Earbuds,CUST3644,311.52,1,Overnight,Pending
08-17-2025,ORD54319,P1008,Bluetooth Speaker,CUST4900,1864.97,2,Overnight,Delivered
2021-09-25,ORD77968,P1007,4K TV,CUST6465,1298.49,1,Standard,Pending
2025-09-01,ORD39004,P1002,Laptop,CUST9134,1032.56,3,Expedited,Pending
08/02/2020,ORD52176,P1006,Gaming Console,CUST5659,220.07,2,Standard,Pending
06-07-2021,ORD28044,P1009,External Hard Drive,CUST3378,123.4,5,Standard,Pending
2022-12-10,ORD25498,P1009,External Hard Drive,CUST8233,858.99,5,Expedited,Delivered
10/22/2021,ORD64512,P1004,Smartwatch,CUST1391,1541.25,3,Overnight,Pending
2020-01-17,ORD45002,P1007,4K TV,CUST5659,1633.14,4,Expedited,Cancelled
2025-02-09,ORD79794,P1009,External Hard Drive,CUST3517,1712.16,3,Expedited,Delivered
11-09-2023,ORD51972,P1010,Mechanical Keyboard,CUST5554,1593.64,1,Expedited,Pending
01-11-2022,ORD83655,P1010,Mechanical Keyboard,CUST4845,367.66,4,Standard,Pending
2020-01-04,ORD50015,P1004,Smartwatch,CUST6621,541.97,2,Standard,Delivered
05-30-2021,ORD52573,P1009,External Hard Drive,CUST1818,1660.81,2,Overnight,Shipped
02/01/2024,ORD97238,P1006,Gaming Console,CUST3378,31.44,4,Standard,Pending
2022-07-13,ORD44658,P1007,4K TV,CUST7862,1718.29,4,Overnight,Delivered
08-08-2022,ORD18698,P1003,Tablet,CUST1706,512.23,5,Expedited,Shipped
03-01-2025,ORD27505,P1002,Laptop,CUST5398,1143.69,4,Standard,Cancelled
06-29-2024,ORD47867,P1007,4K TV,CUST9389,1655.57,4,Expedited,Pending
2020-04-22,ORD89216,P1001,Smartphone,CUST9185,905.01,5,Overnight,Delivered
2022-10-19,ORD30998,P1005,Wireless Earbuds,CUST5800,1836.13,2,Standard,Pending
08-22-2025,ORD43033,P1002,Laptop,CUST5424,922.48,5,Overnight,Cancelled
10-28-2020,ORD84972,P1008,Bluetooth Speaker,CUST1931,1358.75,5,Expedited,Delivered
09/13/2020,ORD68246,P1008,Bluetooth Speaker,CUST4017,1676.82,4,Overnight,Cancelled
2024-03-16,ORD40126,P1003,Tablet,CUST1341,293.95,4,Standard,Cancelled
06/03/2021,ORD92673,P1010,Mechanical Keyboard,CUST7714,928.53,3,Expedited,Pending
2024-11-15,ORD60037,P1009,External Hard Drive,CUST5167,1389.94,2,Expedited,Shipped
02-08-2023,ORD27809,P1003,Tablet,CUST2097,1575.03,5,Overnight,Shipped
09-08-2020,ORD66749,P1008,Bluetooth Speaker,CUST5756,1814.57,4,Standard,Pending
03/09/2020,ORD93303,P1001,Smartphone,CUST3553,514.37,1,Standard,Delivered
03-22-2023,ORD42982,P1006,Gaming Console,CUST4057,371.01,4,Expedited,Pending
2021-02-28,ORD45350,P1005,Wireless Earbuds,CUST6911,1191.4,1,Standard,Cancelled
09-20-2025,ORD76385,P1009,External Hard Drive,CUST3896,1661.28,5,Standard,Pending
01-18-2021,ORD30540,P1003,Tablet,CUST2515,179.73,1,Overnight,Pending
05-13-2021,ORD68344,P1001,Smartphone,CUST7442,804.36,1,Expedited,Pending
08/03/2023,ORD47497,P1001,Smartphone,CUST1447,637.37,3,Overnight,Pending
2023-05-29,ORD60492,P1008,Bluetooth Speaker,CUST5963,793.69,5,Expedited,Shipped
2021-02-21,ORD23007,P1007,4K TV,CUST2547,123.32,5,Overnight,Pending
2020-09-03,ORD40243,P1003,Tablet,CUST9507,1669.41,5,Expedited,Shipped
07/12/2023,ORD59614,P1003,Tablet,CUST7078,910.4,3,Standard,Cancelled
06/26/2023,ORD33454,P1005,Wireless Earbuds,CUST2381,465.7,3,Overnight,Delivered
10-08-2024,ORD71252,P1002,Laptop,CUST4255,1625.16,3,Expedited,Pending
2023-08-03,ORD23797,P1006,Gaming Console,CUST7281,390.17,3,Overnight,Pending
04/29/2022,ORD21828,P1006,Gaming Console,CUST1602,1953.93,3,Expedited,Cancelled
02/07/2020,ORD91309,P1002,Laptop,CUST8418,627.33,2,Expedited,Shipped
11/27/2022,ORD10952,P1008,Bluetooth Speaker,CUST3780,266.47,5,Standard,Delivered
2024-02-09,ORD25094,P1010,Mechanical Keyboard,CUST4578,1964.31,2,Expedited,Pending
03-30-2021,ORD30386,P1009,External Hard Drive,CUST2547,1037.57,1,Overnight,Cancelled
10-03-2025,ORD28831,P1009,External Hard Drive,CUST7348,98.75,2,Overnight,Cancelled
07-22-2022,ORD11397,P1010,Mechanical Keyboard,CUST7659,1959.98,2,Overnight,Cancelled
09-11-2023,ORD94673,P1008,Bluetooth Speaker,CUST9456,77.12,2,Expedited,Pending
03/25/2024,ORD94259,P1001,Smartphone,CUST4802,1272.03,5,Overnight,Cancelled
11-11-2024,ORD65816,P1006,Gaming Console,CUST5833,1783.87,3,Expedited,Cancelled
07/03/2020,ORD10405,P1004,Smartwatch,CUST8916,658.92,3,Overnight,Delivered
02-03-2025,ORD42998,P1010,Mechanical Keyboard,CUST6207,648.54,4,Overnight,Cancelled
10/02/2024,ORD55829,P1007,4K TV,CUST8985,903.64,4,Expedited,Delivered
01-01-2023,ORD36908,P1004,Smartwatch,CUST6822,1865.85,5,Standard,Shipped
2023-06-25,ORD16401,P1010,Mechanical Keyboard,CUST7813,521.78,4,Standard,Shipped
08-06-2024,ORD96015,P1006,Gaming Console,CUST5802,230.29,5,Expedited,Delivered
2025-01-09,ORD70124,P1002,Laptop,CUST6528,1476.17,1,Expedited,Delivered
2020-06-21,ORD60613,P1004,Smartwatch,CUST6465,1580.09,2,Expedited,Cancelled
2024-02-02,ORD91597,P1001,Smartphone,CUST1152,1389.35,1,Overnight,Shipped
2022-05-20,ORD19126,P1002,Laptop,CUST5616,726.78,4,Overnight,Delivered
12/19/2022,ORD85627,P1002,Laptop,CUST8894,1662.34,2,Overnight,Delivered
07/05/2024,ORD12582,P1003,Tablet,CUST7472,1253.82,5,Standard,Delivered
06-09-2023,ORD48466,P1007,4K TV,CUST3971,1721.48,4,Overnight,Cancelled
2022-07-14,ORD41344,P1006,Gaming Console,CUST7656,1928.16,4,Overnight,Cancelled
07-25-2021,ORD96630,P1001,Smartphone,CUST4015,1784.4,2,Overnight,Cancelled
2021-12-05,ORD54522,P1006,Gaming Console,CUST4056,520.63,3,Expedited,Delivered
